20,1.701348
40,-0.837195
60,-4.982575
80,-5.041490
103,-2.990792
323,-18.738509
1323,-166.161975
2323,-305.919778
2678,-33.026808
2780,-10.584441
2812,-2.030490
2842,-3.366839
2995,-35.623569
3055,-8.382156
3112,-8.222257
4112,-295.752318
5112,-166.895077
6112,-113.676432
7112,-157.787542
8112,-233.237129
9112,-173.902141
10112,-141.091084
11112,-224.312667
12112,-91.626833
12356,-34.625017
13356,-213.375214
14356,-102.316802
15356,-247.468090
16356,-50.402928
17356,-246.565628
18356,-105.227730
19356,-75.206689
20356,-204.426154
21356,-98.134684
22356,-110.024886
23356,-92.903918
24356,-134.462609
25356,-96.362418
26356,-168.728439
27356,-50.395905
28356,-162.480455
28510,-6.483664
29510,-135.557560
30510,-114.113147
31510,-80.092939
32510,-89.966648
33510,-201.885742
34510,-190.194117
35510,-188.638639
36510,-191.930520
37510,-165.287068
37625,-3.733245
38625,-108.570057
39625,-211.923927
40625,-245.535451
41625,-181.281212
42625,-218.272722
43625,-254.379038
44625,-190.531010
45625,-233.684800
46625,-206.341995
47625,-249.724033
48625,-178.501506
49625,-186.885341
49749,-4.653883
50749,-228.088948
51749,-212.977111
52749,-126.311423
53749,-107.525142
54749,-229.980810
55749,-204.425825
56749,-172.350143
57749,-117.138723
57873,-9.768636
57997,-12.625319
58109,-15.881762
58231,-21.768381
59231,-224.030357
60231,-274.133189
60347,-3.206173
61347,-267.247361
62347,-157.356826
63183,-212.789560
64183,-260.754341
64324,-11.136260
65067,-72.255250
66067,-143.388645
66169,-4.912572
67169,-110.975391
68169,-181.812298
69169,-186.243097
70169,-263.763109
71169,-199.164577
72169,-134.549230
73169,-251.009213
73595,-24.955579
74595,-279.377345
75595,-290.678967
76595,-164.325959
77595,-121.456894
78595,-129.446639
78760,-11.598699
79760,-230.130114
80760,-239.058905
80845,-2.257622
80945,-6.174532
81945,-218.499017
82945,-262.341915
83945,-262.911968
84945,-180.105109
85281,-11.046007
86281,-242.700793
87281,-258.504893
87720,-90.807249
88064,-47.822386
89064,-207.555546
90064,-216.439794
90181,-7.398888
90262,-9.549372
90528,-20.043324
90820,-35.500974
90944,-11.586809
91045,-7.003200
91133,-8.140183
92133,-299.443503
93133,-251.120315
93235,-12.881693
94235,-135.216391
94324,-5.335241
94481,-21.077551
95481,-131.069217
96481,-136.023715
97481,-158.959847
98481,-78.505625
99481,-244.522749
100481,-101.084220
101481,-208.411290
102481,-198.595115
103481,-216.192667
104481,-276.412474
105481,-252.850296
106481,-191.928823
107481,-188.943681
108481,-130.415453
108598,-16.156790
109598,-78.728591
109749,-26.810999
110749,-75.716496
111749,-324.419577
112749,-253.165974
113749,-227.642215
114749,-157.870905
115749,-259.725885
116749,-205.112520
117749,-225.436002
118749,-206.411720
119749,-226.308795
120749,-270.347987
121749,-188.017440
122749,-199.325702
123749,-170.446363
124749,-210.485997
125749,-92.091267
126749,-73.868028
127749,-121.762569
128749,-249.883654
129749,-268.887895
129910,-6.313386
130910,-240.060593
131910,-200.746661
132910,-198.186735
133910,-160.289875
134910,-130.541550
135097,-5.167572
136097,-200.064972
137097,-155.342690
138097,-157.166955
139097,-132.793847
140097,-159.722138
141097,-202.682347
142097,-185.416957
143097,-138.470816
144097,-126.056847
145097,-128.000387
146097,-40.357807
147097,-52.382832
147204,-6.981693
148204,-47.771819
149204,-40.650059
150204,-266.879310
151204,-192.014596
152204,-272.160938
153204,-149.782042
154204,-99.472983
154299,-7.038752
155299,-151.752930
155625,-27.754286
156625,-175.555290
156720,-5.567705
156849,-16.972161
157849,-50.698561
158849,-128.518860
158921,-3.852252
158993,-2.405638
159108,-11.941904
159276,-22.936517
159361,-11.201812
159457,-14.367863
159785,-22.227128
159898,-20.241930
160029,-24.433056
161029,-142.511513
162029,-100.379917
162710,-37.515148
163710,-217.331857
163757,-1.215653
164700,-37.582165
164743,-1.373841
165743,-42.131267
166743,-41.910474
167467,-184.548580
168467,-91.928896
168648,-18.365819
169648,-157.238558
170648,-193.711563
171648,-161.561834
172648,-32.559799
173648,-32.610725
174648,-141.603693
175648,-69.613254
176000,-16.786557
177000,-52.519605
178000,-107.865574
179000,-44.696571
180000,-32.816361
181000,-89.862740
182000,-44.340494
183000,-46.841888
184000,-105.276817
185000,-236.850208
186000,-50.345749
186020,-1.014789
186040,-0.577856
186060,-0.948819
187060,-40.446158
188060,-62.377140
189060,-181.802613
190060,-250.575090
191060,-79.504147
191203,-7.325642
191366,-10.074459
192366,-239.068558
193366,-206.970451
193645,-37.893730
193667,-0.745155
194667,-117.546665
195348,-51.140849
196348,-160.022637
197348,-84.639711
198348,-197.763799
199348,-173.098103
199488,-8.073232
200488,-142.415859
201488,-48.846349
202488,-29.994880
203488,-62.863125
204488,-118.644759
205488,-36.494665
206488,-103.463175
207488,-233.049678
207508,-0.604005
207528,-1.185363
207548,-2.552272
207568,-3.096295
207588,-2.691740
207608,-4.056101
207628,-4.392690
207648,-4.611671
207668,-3.839056
207688,-4.774034
207708,-4.620635
207728,-2.565582
207748,-2.126125
207768,-4.470199
207788,-3.795206
207808,-4.393669
207828,-2.183264
207848,-2.225983
207868,-4.471771
207888,-4.371264
207908,-4.049513
207928,-3.790882
207948,-2.798361
207968,-3.311460
207988,-4.164663
208008,-3.462048
208028,-3.465383
208048,-4.935357
208068,-3.656234
208088,-4.046879
208108,-3.729039
208128,-2.294041
208148,-4.129453
208168,-4.527076
208188,-4.105361
208208,-4.546821
208228,-3.650385
208248,-4.498800
208268,-4.700005
208288,-3.238436
208308,-4.461981
208329,-2.700498
208349,-4.591240
208369,-4.298854
208389,-4.392643
208409,-3.558654
208430,-3.280121
208450,-2.612926
208470,-2.971421
208490,-3.683549
208510,-2.878987
208530,-3.772024
208550,-3.666833
208570,-4.461072
208590,-2.264773
208610,-4.008763
208630,-3.047924
208650,-3.559962
208670,-2.783401
208690,-3.238636
208710,-3.683509
208730,-3.233863
208750,-1.723881
208770,-3.891919
208790,-4.322101
208810,-3.978723
208830,-4.154426
208850,-4.000906
208870,-4.349220
208890,-4.437723
208910,-2.220912
208930,-2.616076
208950,-3.868876
208970,-4.468330
208990,-3.811256
209010,-4.725002
209030,-4.704834
209050,-4.646863
209070,-4.350768
209090,-3.524694
209110,-4.113753
209130,-2.961852
209150,-4.272112
209170,-4.148913
209190,-3.160818
209210,-3.478313
209230,-4.256102
209250,-3.840993
209270,-2.515833
209290,-3.996466
209310,-4.042664
209330,-3.404780
209350,-4.669120
209370,-4.227205
209390,-2.684525
209410,-2.602592
209430,-2.757485
209450,-4.213410
209470,-2.964128
209490,-3.006952
209510,-3.536073
209530,-3.595165
209550,-4.019192
209570,-3.165687
209590,-4.334635
209610,-3.419520
209630,-2.293838
209650,-3.961845
209670,-4.096364
209690,-2.902836
209710,-2.294650
209730,-3.706305
209750,-4.074753
209770,-4.161872
209791,-1.757103
209811,-3.574544
209831,-2.919757
209851,-3.395306
209871,-2.983695
209891,-3.395804
209911,-3.629916
209931,-3.303037
209951,-2.892802
209971,-4.355114
209991,-4.035059
210011,-3.676232
210031,-4.095564
210051,-3.345780
210071,-4.421708
210091,-4.145895
210111,-4.067669
210131,-4.121191
210153,-3.064693
210174,-4.102273
210194,-3.406851
210214,-3.260173
210234,-1.718902
210254,-2.910647
210274,-3.758831
210294,-4.895161
210314,-3.628484
210334,-3.588690
210354,-2.521847
210374,-2.567613
210394,-4.678181
210414,-2.955678
210434,-3.204024
210454,-4.169044
210474,-3.242010
210494,-2.703221
210516,-1.688390
210536,-2.090953
210556,-2.621944
210576,-1.826449
210596,-3.488025
210616,-3.907179
210636,-3.837803
211636,-256.469910
212636,-282.982127
212998,-9.544406
213998,-187.660683
214063,-2.650634
214198,-6.557907
214338,-9.440812
215338,-66.836949
216338,-101.775582
217338,-245.044106
218338,-102.854023
219338,-237.690996
220338,-64.235616
220488,-18.856502
221388,-140.079187
222388,-202.970753
223388,-177.822058
224388,-244.934695
225388,-190.356473
226388,-68.206130
227388,-138.442635
228388,-196.703162
228408,-0.923875
228428,-1.057201
228448,-2.085773
228468,-2.314308
228489,-2.036593
228510,-1.548522
228531,-2.641901
228551,-3.409198
228572,-3.162054
228593,-2.421629
228613,-3.277316
228633,-2.778869
228653,-3.902315
228674,-2.591352
228694,-2.829385
228715,-3.021361
228736,-3.277749
228756,-3.687316
228776,-3.473569
229776,-200.770633
230776,-188.494247
231776,-215.518075
232776,-35.502077
233776,-86.511937
234776,-57.900786
235776,-80.834212
235886,-2.243981
236886,-151.980701
237886,-142.730436
238886,-69.148641
239886,-111.295959
240886,-136.657400
241886,-46.377667
242886,-116.793416
243886,-35.580300
244886,-34.313529
245886,-33.563339
246886,-32.867766
247886,-191.540554
248886,-117.017143
248906,-1.282090
248926,-1.190532
248946,-2.025572
248966,-1.692916
248986,-2.693474
249006,-2.493558
249026,-3.494889
249049,-1.658899
249071,-2.099841
249091,-2.804416
249111,-3.281907
249131,-3.267212
250131,-114.563698
250151,-1.715870
250171,-1.824989
250191,-2.810384
250211,-2.576129
250231,-1.869403
250251,-3.226659
250271,-3.058679
250291,-3.854188
250311,-3.575366
250332,-2.325105
250352,-3.797611
250378,-2.451339
251378,-125.693463
251402,-2.604947
251430,-1.986951
251450,-3.167746
251471,-3.706541
251491,-3.866892
251511,-3.442938
251532,-3.561609
251552,-4.248531
251572,-4.947193
251602,-3.014468
251622,-4.130493
251642,-3.177228
251662,-4.453209
251682,-4.356364
251702,-3.912796
251722,-3.758401
251742,-4.197904
251762,-4.420840
251782,-4.838413
251802,-4.742784
251822,-4.606461
251842,-4.693021
251862,-4.128558
251882,-5.025157
251903,-3.215974
252050,-30.846008
252070,-2.481339
252090,-3.645688
252110,-4.027503
252130,-3.247079
252150,-3.820972
252170,-3.506440
252190,-4.343562
252210,-3.881474
252231,-3.839719
252251,-3.262256
252271,-4.559484
252291,-3.005837
252311,-2.358647
252423,-16.914673
252444,-1.959021
252465,-2.722420
252485,-2.694949
252505,-2.850272
252526,-2.490629
252551,-3.020898
252571,-3.609119
252591,-3.479021
252611,-3.725908
252631,-4.056955
252651,-3.774857
252671,-3.675382
252816,-28.945774
252872,-6.269610
252893,-2.314116
253325,-116.489918
253383,-5.090877
253403,-2.591020
253423,-2.827886
253443,-2.468819
253463,-3.840614
253484,-3.635892
253504,-2.734454
253524,-3.418008
253544,-3.268489
253564,-3.902224
253585,-3.559630
253606,-3.902325
253689,-13.144531
253709,-4.132356
253729,-4.013117
253749,-3.808194
253770,-4.000911
253790,-3.247583
253810,-3.870346
253830,-3.253162
253850,-4.228233
253870,-2.892908
253890,-3.991421
253910,-3.739693
253932,-3.893360
253971,-4.124349
253992,-3.703823
254013,-4.288281
254043,-4.550380
254063,-1.795166
254084,-4.034490
254104,-4.362962
254132,-5.586972
254152,-2.748922
254205,-10.672584
254278,-14.160936
254298,-4.174617
254319,-4.237905
254339,-4.995349
254389,-10.191609
254409,-3.481125
254463,-5.225513
254513,-4.569561
255513,-150.530069
256513,-236.509985
257443,-44.869292
257593,-5.206577
258012,-21.515456
259012,-89.972646
260012,-176.370070
261012,-164.146515
262012,-151.328323
263012,-175.209086
263032,-0.282408
263052,-1.273162
263073,-1.507393
263094,-2.834081
263114,-2.848814
263135,-3.466368
263155,-2.827198
263176,-3.608417
263196,-3.966544
263217,-3.887802
263240,-3.567623
263260,-3.969367
263280,-3.819367
263300,-4.527995
263320,-4.737192
263340,-4.453088
263422,-12.553589
264422,-291.058748
264443,-3.042817
264464,-2.362882
264494,-3.647583
264743,-72.824214
265514,-219.990490
265534,-2.184283
265554,-3.086112
265574,-2.679510
265594,-2.951417
265614,-3.274598
265634,-3.821954
265654,-4.024903
265674,-4.234831
265694,-3.265004
265714,-4.004751
265734,-3.200359
265754,-3.726525
265774,-3.447516
265794,-3.986798
265814,-4.014049
265834,-3.837620
265854,-3.822579
265874,-4.518304
265894,-4.176677
265914,-4.131792
265934,-4.796708
265954,-4.537107
265974,-4.360406
265994,-4.360427
266014,-4.701245
266034,-4.671724
266054,-4.729193
266074,-4.212999
266094,-4.487160
266114,-4.826612
266134,-4.941282
266154,-4.932240
266174,-4.210514
266194,-3.794635
266214,-3.525517
266234,-2.790973
266254,-3.368199
266274,-3.146271
266294,-3.496291
266314,-3.681246
266334,-3.991504
266354,-4.159788
266374,-3.956084
266394,-4.116250
266414,-4.092124
266434,-4.199854
266454,-3.675456
266474,-4.949630
266494,-4.299196
266514,-4.320146
266534,-4.119225
266554,-3.783598
266574,-4.820196
266594,-4.894356
266614,-4.762558
266634,-4.365393
266654,-3.644596
266674,-4.390931
266694,-4.730049
266714,-4.988046
266734,-3.633751
266754,-3.725371
266774,-3.911188
266794,-4.256880
266814,-3.713595
266834,-3.296346
266855,-3.438062
266875,-3.063886
266896,-2.909803
266922,-2.827765
266943,-3.093003
266968,-2.876063
266990,-2.159196
267013,-2.502202
268013,-260.144050
269013,-262.580569
270013,-279.042794
271013,-245.531951
271145,-8.182990
271283,-16.449325
271463,-37.889560
271928,-50.960091
272361,-81.157781
272445,-7.665089
272567,-14.500129
272679,-6.624718
273679,-190.813615
274679,-180.206259
275679,-277.649532
276679,-209.754009
277679,-110.292755
278679,-219.561341
279679,-170.892949
280679,-170.393135
281679,-155.081278
282679,-89.136596
283679,-170.758771
284679,-39.123109
285679,-46.725528
286679,-44.199007
287679,-77.496939
288679,-100.918565
289679,-75.713221
290679,-66.393726
291679,-109.269948
292679,-146.130941
293679,-101.580148
294679,-43.879421
295679,-139.826348
296679,-33.426690
297679,-36.771447
298679,-206.305347
299679,-75.994770
300679,-83.728577
301679,-98.963652
302679,-142.876124
303679,-89.785126
304679,-84.820615
305679,-97.173507
306679,-31.295732
307679,-50.178683
308679,-36.074275
309679,-73.186627
310679,-121.960205
311679,-125.264557
312679,-41.966631
313679,-137.261994
313699,-1.122577
314699,-38.501192
315699,-50.110153
315965,-47.605643
316042,-4.229713
316107,-6.889891
316156,-2.441811
316191,-2.558674
316213,-2.282734
316234,-2.347991
316313,-5.492237
316339,-3.352673
317339,-172.610242
317408,-3.215804
317570,-14.339889
317616,-3.720952
317802,-30.552793
318802,-179.470817
319046,-23.550257
319384,-73.903004
319407,-1.877421
319582,-15.110929
320582,-132.536719
320602,-1.257490
320624,-2.014695
320644,-2.107531
320664,-2.686652
320684,-2.740439
320704,-2.821991
320724,-2.755448
320745,-2.530636
320766,-2.518807
320788,-2.625254
320808,-2.954363
320829,-3.458348
320849,-3.790885
320869,-3.820574
320889,-3.810700
320909,-3.755141
320929,-3.998389
320949,-4.223900
320969,-3.240598
320989,-4.249783
321009,-4.344767
321029,-4.030848
321049,-4.605053
321069,-4.380002
321089,-2.157302
321109,-4.401340
321129,-3.828244
321149,-3.863186
321169,-4.311976
321189,-4.113537
321209,-4.711988
321229,-3.872674
321249,-3.204734
321269,-3.978090
321289,-4.119827
321309,-4.323470
321331,-2.433335
321351,-3.572175
321371,-4.337742
321391,-4.092507
321411,-2.828223
321432,-3.885373
321452,-3.524124
321472,-3.682483
321492,-4.470664
322492,-34.814484
323492,-29.749940
324492,-29.881936
325492,-50.807796
325517,-1.716084
326517,-40.470652
327517,-30.571574
328517,-290.683942
329517,-73.805559
329539,-2.509645
329975,-44.721310
329996,-2.320448
330017,-2.566776
330037,-2.641268
330058,-3.064231
330078,-3.604769
330099,-4.123561
330119,-3.362433
330140,-3.402121
330165,-3.134405
330379,-49.533625
330399,-3.037451
330420,-3.915882
330440,-3.697771
330460,-4.021090
330480,-3.804836
330502,-3.215495
330522,-3.521339
330542,-3.826507
330573,-3.516998
330638,-6.351841
330658,-3.733966
330678,-3.776535
330698,-3.507097
330718,-3.564601
330819,-20.770347
330839,-3.453036
330859,-3.048509
330879,-2.978335
330899,-3.883673
330931,-3.877546
330951,-4.198229
330971,-3.663373
331000,-4.375721
331026,-3.978864
331046,-3.942010
331066,-4.567699
331086,-3.708420
331106,-3.881851
331136,-2.780328
331156,-3.395073
331176,-2.264821
331196,-1.936805
331216,-3.086082
331236,-2.804276
331256,-3.868860
331276,-3.279381
331320,-3.287763
331341,-2.204365
331361,-2.636672
331381,-2.622177
331401,-2.989238
331421,-3.925594
331441,-2.953160
331461,-3.245263
331481,-3.145273
331506,-2.742403
331527,-3.152394
331549,-2.278056
331601,-3.511550
331656,-3.054484
331691,-3.407091
331739,-4.040162
331771,-3.222490
331799,-3.125756
331837,-3.949848
331943,-9.786312
332135,-20.343599
332177,-3.299249
332219,-3.704871
332252,-4.081935
332291,-3.610771
332348,-4.773158
332379,-3.366415
332411,-2.728273
332450,-2.588759
332488,-4.098505
332556,-6.642544
332597,-3.340387
332633,-3.024989
332655,-2.556625
332679,-2.760093
332700,-2.536943
332726,-2.425347
332769,-5.827129
332888,-9.849680
333888,-44.718254
333923,-2.358066
334023,-6.460918
334179,-9.763471
334252,-6.208000
334328,-8.719698
334349,-2.481721
334470,-23.832909
334630,-15.612986
334704,-7.987586
334739,-2.535717
334794,-9.107542
334829,-4.753398
334850,-3.734736
334969,-20.045884
334990,-3.996603
335014,-3.895359
335052,-5.912498
335083,-3.947800
335103,-3.187242
335124,-4.073579
335168,-6.765811
335189,-4.130078
335213,-3.497524
335254,-5.226124
335545,-26.273088
335567,-4.011446
335607,-4.302380
335646,-4.641968
335668,-4.029474
335722,-7.650733
335743,-4.796981
335823,-11.835756
335889,-4.996667
335919,-2.660302
336183,-53.212561
336205,-2.209345
336226,-2.526978
336266,-4.500269
336288,-3.149295
336309,-3.478977
336330,-4.017756
336359,-3.632884
336405,-6.065849
336549,-26.793712
336569,-1.654446
336599,-2.022025
337599,-30.826090
338599,-77.364285
338619,-0.580689
338640,-1.086811
338660,-1.813603
338680,-2.063272
338700,-3.483620
338720,-2.736388
338740,-3.136430
338760,-3.522235
338786,-2.767024
338816,-3.608719
338838,-3.042336
339026,-21.624658
340026,-81.738391
340046,-1.858583
340066,-2.504681
340086,-2.687871
340106,-2.886582
340126,-3.379392
340146,-4.029436
340166,-2.867663
340186,-2.221944
340206,-3.927543
340226,-3.711291
340246,-3.906130
340266,-4.111059
340286,-3.497605
340306,-4.240765
340326,-3.474291
340346,-4.503639
340366,-4.269442
340386,-4.357262
340406,-4.354294
340426,-4.508793
340446,-4.299004
340466,-4.620242
340486,-4.149298
340506,-3.956656
341506,-233.099381
341526,-3.207163
341765,-38.640569
341785,-3.712094
341805,-4.567380
341825,-4.349572
341845,-4.489081
341865,-3.617771
341885,-4.217357
341905,-3.858803
341925,-3.582759
341945,-3.197916
341965,-3.015049
341985,-2.619041
342005,-3.222968
342025,-3.828003
342045,-3.692424
342065,-3.945067
342085,-3.521509
342105,-3.368583
342134,-2.526672
342154,-4.022642
342174,-3.276495
342195,-3.646442
342215,-3.817279
342235,-3.809682
342255,-3.570538
342275,-4.407237
342301,-2.443976
342340,-2.165558
342401,-3.474579
343401,-28.113173
343517,-10.046234
343565,-4.690510
343585,-1.554006
343605,-2.235373
343626,-2.899439
343687,-3.378100
343961,-73.467245
344961,-122.144059
345053,-4.641415
345073,-1.993961
345093,-1.812965
345132,-1.468001
345175,-2.190851
345203,-2.214180
345223,-2.787359
345243,-2.236883
345383,-9.222325
345404,-1.575499
345425,-2.372869
345500,-3.348759
345546,-3.429449
345578,-2.928450
345606,-2.652129
345634,-2.200796
345671,-2.527985
345701,-2.660386
345721,-1.795944
345750,-2.757308
345799,-3.767930
345843,-3.687390
345887,-5.127575
345930,-3.066538
345975,-4.935335
346025,-6.379399
347025,-164.906148
347045,-2.097097
347065,-2.493740
347085,-2.555768
347105,-3.128665
347125,-2.585199
347145,-2.866047
347165,-2.572438
347185,-3.777427
347205,-2.523823
347225,-2.290531
347245,-3.344153
347265,-3.877867
347285,-3.370848
347305,-3.913596
347325,-3.333580
347345,-3.813284
347365,-3.301374
347385,-3.144976
347405,-3.345135
347426,-3.447976
347446,-3.521288
347466,-3.752378
347488,-2.075721
347508,-1.642210
347529,-2.890725
347549,-3.226832
347569,-3.126791
347589,-1.788306
347609,-1.866776
347629,-3.713539
347649,-4.141077
347669,-3.927679
347689,-3.885394
347710,-2.797571
347730,-3.587452
347750,-3.891272
347770,-3.838053
347790,-4.110860
347811,-2.615490
347832,-2.723498
347853,-2.503683
347873,-2.409235
347893,-4.166079
347913,-3.285578
347933,-3.169782
347960,-2.073175
347980,-4.185030
348000,-3.033701
348020,-3.929110
348040,-4.087484
348060,-4.120637
348081,-2.388141
349081,-122.007512
349351,-44.353878
349372,-1.068185
349392,-1.161388
349449,-2.468911
350449,-166.138544
350708,-48.240098
351708,-25.187984
351730,-1.381834
351752,-1.568123
351775,-1.571146
351795,-1.938409
351816,-1.498688
351836,-1.036957
351856,-1.755894
351877,-1.310113
351897,-1.285368
351917,-1.823727
351937,-2.452785
351957,-1.599746
351977,-1.768583
351998,-1.893719
352018,-1.889171
352038,-2.516280
352058,-3.364278
352078,-2.306100
352098,-2.283256
352118,-3.502148
352139,-2.038293
352159,-2.346622
352180,-2.354609
352200,-3.115068
352220,-3.249884
352241,-2.002868
352261,-2.211884
352350,-5.305693
352370,-2.929312
352390,-2.916718
352410,-3.505194
352431,-4.240400
352451,-3.484944
352471,-2.777749
352491,-3.447911
352511,-3.346330
352531,-3.253797
352551,-3.279620
352658,-10.188686
352678,-2.932340
352698,-3.432557
352718,-3.897951
352738,-2.698821
352758,-3.013720
352780,-2.956321
352800,-2.908318
352820,-2.930904
353820,-63.638844
353858,-2.637852
353878,-2.304029
353898,-1.883660
353918,-2.364140
353938,-2.659336
353963,-2.046853
354091,-24.511479
354546,-128.007620
354567,-2.557793
354591,-3.376255
354613,-3.279776
354634,-1.950099
354656,-4.095635
354678,-3.993070
354702,-4.266433
354722,-1.640658
354747,-5.338143
354768,-3.516756
354789,-3.177902
354809,-3.154153
354836,-4.436082
354861,-4.621025
354881,-3.134054
354936,-6.880089
354956,-1.865941
354980,-3.995364
355008,-6.021980
355031,-5.161396
355052,-4.071920
355090,-5.967057
355111,-3.780270
355132,-4.538095
355153,-4.144862
355174,-4.215699
355195,-4.132193
355216,-4.672523
355237,-4.380285
355257,-3.505744
355277,-4.128661
355298,-4.604071
355325,-4.922644
355346,-4.015444
355366,-3.833224
355386,-2.204890
355441,-13.424154
355461,-3.399823
355531,-17.501847
355552,-4.197449
355572,-4.281169
355592,-1.921262
355612,-3.098277
355632,-2.516832
355652,-3.721199
355672,-2.810565
355692,-2.707585
355712,-2.944375
355732,-3.577552
355752,-2.646635
355772,-2.596251
355792,-1.838524
355812,-2.947817
355832,-3.121898
355852,-2.649652
355872,-3.539341
355892,-3.032648
355912,-2.531414
355932,-3.173694
355952,-3.106857
355973,-2.185948
355993,-2.907571
356013,-2.014431
356033,-2.339267
356053,-3.344464
356073,-3.579743
356093,-3.102077
356113,-3.725349
356133,-4.078294
356153,-3.300902
356173,-3.178863
356193,-2.548807
356213,-3.412303
356233,-2.181116
356253,-2.882912
356313,-13.713466
356334,-2.807655
356354,-2.172986
356374,-3.090782
356394,-2.138562
356414,-2.137421
356434,-3.986193
356454,-3.453023
356475,-3.101195
356495,-3.050690
356515,-3.819254
356535,-4.014560
356555,-4.017454
356575,-3.052676
356596,-2.773920
356616,-3.695627
356636,-3.382147
356656,-3.731905
356676,-3.601354
356696,-2.713227
356716,-3.550763
356736,-3.404014
356756,-3.605744
356776,-3.427226
356796,-2.870944
356816,-3.321065
356836,-2.644302
356856,-2.821424
356876,-2.581797
356896,-2.328079
356916,-2.593169
356936,-3.014262
356956,-3.815884
356976,-3.622099
356996,-3.242973
357016,-3.897808
357036,-3.496381
357056,-3.952555
357076,-3.858702
357096,-4.249166
357116,-3.588749
357136,-3.004111
357156,-3.322298
357176,-3.938458
357196,-3.863835
357216,-3.583292
357236,-3.593919
357256,-3.838143
357276,-3.338623
357296,-4.102410
357316,-4.429667
357336,-4.509360
357356,-4.541358
357376,-4.203333
357396,-3.552041
357416,-4.072539
357436,-3.966722
357456,-4.059912
357476,-3.790286
357496,-2.763412
357516,-3.447038
357536,-3.133364
357556,-3.330736
357576,-2.854723
357598,-2.899371
357618,-2.266610
357640,-3.551901
357662,-3.656655
357682,-2.582528
357721,-3.257141
357742,-2.539603
357762,-2.970363
357782,-3.568668
357802,-3.313858
357822,-3.857863
357842,-3.875008
357862,-4.253372
357882,-3.448716
357902,-2.895270
357922,-3.619298
357942,-3.842839
357962,-3.494948
357982,-3.652945
358002,-3.355753
358022,-3.522512
358042,-3.157477
358062,-3.883667
358083,-2.564512
358103,-3.339823
358123,-3.699239
358143,-3.013406
358163,-3.367542
358183,-3.527260
358204,-2.602115
358225,-3.652720
358245,-3.427003
358271,-3.269678
358291,-3.404897
358318,-3.927006
358338,-3.813617
358363,-4.274193
358387,-3.598110
358407,-3.187126
358427,-4.259887
358447,-4.147123
358467,-4.154376
358487,-3.380838
358507,-3.503946
358527,-3.606366
358547,-3.950958
358567,-4.093574
358587,-3.267052
358607,-3.868916
358627,-3.560201
358647,-4.222530
358667,-3.497454
358687,-3.557767
358707,-3.633563
358727,-3.319378
358747,-3.490696
358767,-3.708289
358787,-3.896413
358807,-4.460643
358827,-3.818882
358847,-3.432499
358867,-4.048388
358887,-3.895384
358907,-3.946913
358927,-3.865960
358948,-3.300325
358968,-3.200302
358988,-2.974978
359008,-4.171208
359028,-4.044906
359048,-4.369975
359068,-4.063334
359088,-4.207611
359108,-4.624993
359128,-4.301926
359148,-3.786885
359168,-4.098179
359188,-4.259328
359208,-3.955519
359234,-3.653215
359255,-2.810234
359275,-4.510688
359295,-3.563998
359321,-3.618342
359341,-3.603150
359361,-3.535022
359381,-3.465510
359401,-3.903869
359427,-3.921184
359447,-3.745110
359467,-3.331691
359487,-3.534991
359507,-3.906749
359536,-3.085183
359724,-32.492678
359744,-3.076138
359764,-3.115183
359786,-2.543209
359806,-3.825726
359826,-2.570762
359846,-2.487050
359866,-2.838082
359886,-3.199739
359906,-3.224775
359926,-2.260997
359946,-3.059294
359982,-3.789256
360030,-4.874180
360050,-2.795197
360096,-3.931245
360117,-2.480198
360138,-2.934535
360158,-3.052200
360178,-3.229463
360198,-3.826176
360218,-3.328894
360238,-1.794707
360258,-2.644645
360278,-1.842970
360455,-27.482134
360475,-2.639939
360495,-2.818929
360515,-2.908223
360535,-2.615134
360555,-2.885806
360576,-1.543002
360597,-2.260055
360617,-2.583797
360637,-3.274634
360657,-2.210672
360677,-3.166497
360697,-2.221595
360749,-2.243615
360780,-2.152176
360811,-1.773511
360832,-2.365377
360858,-1.899615
361031,-26.173080
361052,-2.152123
361073,-2.759301
361093,-2.658473
361113,-2.592790
361133,-2.540849
361153,-3.005967
361173,-2.925479
361193,-2.478646
361213,-2.383520
361233,-3.012129
361253,-1.887034
361273,-2.301770
361294,-2.685841
361314,-3.168886
361334,-2.757817
361355,-2.131249
361388,-4.051301
361427,-2.559788
361448,-2.363555
361545,-17.428420
361613,-9.878897
362613,-29.488956
363537,-42.268348
363850,-68.279623
363901,-2.574732
363945,-2.700113
363993,-3.261597
364032,-3.299299
364073,-2.479649
364153,-8.221995
364347,-43.709179
364374,-2.260673
364459,-7.144649
364480,-2.228053
364501,-2.974423
364523,-3.386967
364546,-3.257145
364567,-3.690190
364615,-5.938109
364637,-3.206360
364659,-3.234310
364698,-4.212729
364753,-7.322865
364788,-5.077397
364808,-3.170613
364857,-7.373215
364879,-1.900552
364927,-1.700001
364970,-2.772930
364995,-3.006391
365017,-2.561166
365044,-3.596187
365065,-3.645728
365086,-3.956304
365149,-3.359147
365183,-3.141427
365244,-8.558693
365271,-3.515320
365310,-5.901016
365361,-3.362291
366361,-152.321133
366409,-1.928375
366460,-2.152372
366506,-3.645312
366527,-1.131594
366548,-1.638492
366569,-2.027569
366610,-2.953041
366631,-2.254440
366653,-1.957707
366715,-2.961221
366775,-3.444425
367051,-59.651152
367082,-2.828512
367124,-2.673234
367145,-1.874827
367166,-2.212347
367187,-1.900551
367208,-2.257636
367251,-3.002893
367304,-3.619034
367327,-2.382822
367347,-2.033200
367368,-2.921098
367389,-3.150441
367410,-3.098023
367432,-3.098386
367452,-3.048016
367472,-3.337283
367493,-3.185019
367548,-3.322543
367568,-3.479173
367588,-3.683860
367610,-2.714538
367631,-3.841025
367652,-4.048527
367672,-3.361025
367692,-3.952485
367712,-3.785716
367733,-3.298077
367755,-3.659551
367775,-2.161526
367796,-2.733372
367817,-3.141906
367838,-2.582851
367879,-2.667477
367899,-3.444799
367919,-2.434337
367939,-3.201340
367959,-3.491995
367980,-3.716242
368000,-3.939613
368020,-3.636112
368040,-4.041915
368060,-4.239350
368080,-4.424068
368100,-2.672914
368121,-3.847504
368141,-3.259340
368161,-3.451370
368182,-3.735320
368203,-3.846508
368229,-3.470781
368249,-3.830209
368284,-3.729603
368336,-2.820312
368357,-2.852404
368377,-3.138858
368397,-3.648855
368417,-3.422789
368437,-4.139070
368457,-3.674661
368477,-4.283643
368497,-3.969308
368517,-3.047503
368537,-4.068137
368557,-3.168760
368590,-3.895116
368625,-5.231915
368645,-2.824395
368665,-3.856614
368685,-3.848040
368705,-3.175351
368725,-3.800025
368745,-3.623698
368765,-4.114931
368785,-3.486808
368805,-3.752239
368825,-4.050584
368845,-3.868836
368865,-3.598851
368885,-3.990056
368907,-3.130354
368927,-4.237973
368950,-3.946707
368972,-3.907252
368992,-3.848292
369013,-3.362917
369033,-3.320075
369053,-2.634734
369073,-3.719398
369093,-3.338215
369113,-2.982911
369133,-2.862632
369153,-3.809831
369173,-4.083310
369193,-3.956441
369213,-2.997243
369233,-2.797238
369253,-2.593320
369273,-3.280461
369293,-3.526815
369313,-2.848401
369333,-2.696074
369353,-1.931101
369373,-3.276410
369393,-2.251377
369413,-3.234302
369433,-3.273857
369453,-3.747614
369473,-3.619338
369493,-3.883556
369513,-3.855266
369533,-3.306037
369553,-3.240585
369573,-2.562000
369593,-4.258041
369613,-4.053101
369633,-3.648109
369653,-4.045726
369673,-3.545378
369693,-3.911176
369713,-4.211211
369733,-3.985738
369753,-3.616980
369773,-4.483061
369793,-4.215181
369814,-4.058871
369834,-3.261689
369854,-3.857101
369875,-3.118953
369895,-3.966093
369915,-3.925519
369935,-2.565808
369955,-4.036119
369975,-3.727466
369995,-4.244512
370015,-4.356051
370035,-4.668192
370055,-4.354060
370075,-3.537313
370095,-3.207604
370115,-4.285795
370135,-2.677053
370155,-3.196970
370175,-4.261936
370195,-3.252304
370216,-3.616577
370236,-2.627051
370256,-2.859633
370276,-3.863973
370297,-3.252892
370317,-3.167321
370343,-3.000665
370363,-4.279948
370383,-3.779261
370403,-3.929906
370423,-4.020763
370443,-3.744159
370464,-4.002302
370484,-3.622696
370504,-3.797815
370525,-3.522816
370545,-3.919089
370565,-3.405838
370585,-3.418879
370605,-3.658938
370625,-4.056624
370646,-3.303931
370667,-3.545273
370688,-3.107630
370708,-3.853957
370728,-3.694089
370748,-3.188399
370768,-3.011970
370788,-3.472164
370810,-2.601474
370831,-3.477371
370852,-2.709273
370872,-3.008867
370893,-2.329623
370914,-3.735627
370935,-3.213001
370968,-4.372619
370988,-3.271725
371008,-3.756080
371028,-3.306651
371049,-3.741448
371070,-3.930778
371688,-149.037153
371736,-1.533469
372736,-284.264636
372873,-12.462375
373873,-254.215692
374051,-7.680368
374096,-1.757790
374153,-2.711334
374181,-1.544914
374308,-10.829572
375308,-260.194021
375807,-135.585604
375828,-1.639301
375848,-1.776126
375910,-3.279610
375932,-2.280303
375953,-2.779970
375973,-2.932193
376973,-281.893178
377973,-228.109254
378973,-193.045233
379973,-142.482689
380172,-8.402687
380267,-3.047336
380616,-47.666233
380720,-5.724164
380824,-4.754531
380927,-4.962536
381927,-149.795385
382082,-6.551685
382227,-4.779101
382325,-6.389643
382432,-10.626566
383432,-32.545862
384432,-89.607935
385432,-234.442954
386432,-117.189101
386622,-31.657255
387622,-299.746843
387644,-0.915164
387667,-1.436683
387693,-1.435413
387727,-1.786854
387749,-1.778764
387777,-2.307596
387799,-1.310722
387821,-1.936466
387842,-2.270503
387864,-2.400542
387887,-2.248451
387910,-3.178639
387932,-3.242445
387953,-3.036124
387974,-2.902772
387996,-2.680277
388017,-3.506650
388038,-3.323063
388060,-3.292228
388081,-3.544766
388103,-4.014861
388124,-3.972002
388145,-4.211833
388166,-4.185090
388187,-4.042223
388208,-4.306365
388229,-4.379273
388251,-4.382110
388272,-4.836418
388293,-4.092198
388315,-5.024050
388336,-4.560229
388357,-5.067743
388379,-4.362063
388401,-4.134841
388423,-4.477901
388444,-3.827412
388466,-4.467985
388488,-4.567188
388509,-3.979262
388531,-3.819756
388553,-4.154057
388575,-4.698953
388598,-4.248603
388640,-4.180119
388665,-2.527177
388687,-3.299890
388709,-3.298255
388731,-4.312922
388753,-4.509813
388774,-3.793760
388796,-3.398405
388818,-3.673447
388839,-3.981900
388861,-3.566170
388882,-3.741450
388905,-3.663934
388928,-3.346743
388950,-2.749241
388971,-3.403230
388994,-3.778580
389016,-4.034907
389038,-4.187350
389059,-4.064041
389082,-4.032278
389104,-4.647553
389126,-2.304825
389148,-3.897001
389181,-4.567688
389203,-4.501974
389225,-3.465035
389250,-3.474955
389272,-3.538269
389294,-4.302703
389317,-4.006876
389339,-3.915847
389374,-4.264888
389396,-2.474969
389420,-2.600179
389446,-3.579633
389468,-3.334858
389491,-3.650856
389513,-3.880792
389542,-3.917383
389565,-2.555575
389587,-3.193765
389610,-2.938346
389653,-2.467984
389675,-3.164286
389698,-3.332103
389719,-2.608432
389743,-3.489300
389764,-2.739196
389786,-3.736483
389808,-2.784572
389830,-3.226669
389851,-2.983268
389873,-3.573613
389896,-3.614001
389917,-1.989597
389974,-4.110461
390004,-3.896624
390027,-3.006566
390048,-2.131311
390075,-3.388551
390098,-3.488843
390121,-3.388784
390145,-3.624342
390169,-3.263917
390193,-3.156440
390223,-3.604921
390252,-2.674679
390275,-2.917899
390348,-7.998256
390384,-3.774023
390516,-29.977633
390546,-4.041296
390572,-2.149507
390607,-3.819479
390632,-3.080648
390661,-2.410092
390744,-5.306359
390880,-14.287401
390906,-1.806612
390932,-3.076127
390989,-4.513203
391989,-258.739544
392031,-2.654036
392064,-1.280879
392175,-9.490394
392221,-3.168080
392242,-1.137419
392279,-2.535614
392377,-4.876642
392561,-16.095395
392583,-1.559261
392609,-2.566144
392635,-1.648300
392657,-1.691886
392684,-3.182305
392706,-2.594364
392728,-2.199530
392749,-1.838217
392771,-2.189692
392801,-2.146436
392823,-1.861050
392845,-2.313023
392886,-4.050135
392907,-1.881211
392929,-2.014789
392950,-1.825008
392977,-2.008989
392997,-1.243139
393021,-1.483261
393041,-1.891324
393063,-1.696079
393085,-1.777470
393105,-1.968688
393126,-1.982808
393146,-1.629284
393166,-2.898556
393186,-3.036592
393206,-3.488727
393227,-3.478498
393247,-2.073419
393267,-2.954052
393295,-2.955123
393328,-4.012813
393349,-3.276076
393370,-2.841706
393391,-2.889453
393411,-3.459392
393431,-3.256898
393451,-4.221438
393471,-3.648381
393491,-4.114511
393511,-4.253550
393532,-2.763136
393552,-4.111675
393572,-4.076333
393592,-4.284974
393613,-4.104896
393633,-4.431688
393653,-3.526137
393674,-2.668645
393694,-4.116116
393718,-3.222996
393747,-2.332696
393768,-2.387395
393788,-2.941840
393809,-3.754790
393838,-2.161684
393868,-3.114137
393902,-3.159971
393923,-2.695382
393946,-2.671814
393966,-2.929432
393987,-3.442985
394007,-4.035061
394028,-3.585215
394048,-3.882666
394068,-3.189441
394088,-2.622707
394108,-2.460845
394128,-3.092456
394148,-2.570714
394168,-2.463220
394188,-3.282484
394304,-11.346817
394324,-3.251801
394344,-2.899606
394364,-4.134758
394393,-3.006709
394417,-3.206760
394437,-3.569370
394457,-3.338261
394494,-3.337892
394515,-1.437827
394540,-1.196463
394561,-2.021086
394649,-7.383683
394672,-1.525592
394803,-12.153585
394824,-1.238382
394861,-1.854407
394929,-2.159097
394965,-2.440844
395095,-10.615312
395366,-25.146835
396366,-62.253499
397366,-59.203385
398366,-57.562055
399366,-66.698140
400366,-71.404379
401366,-151.280283
402366,-53.446136
403366,-85.213812
404366,-117.805754
405366,-41.155549
406366,-43.439239
407366,-31.698651
407408,-1.444925
407429,-1.086333
408429,-123.946128
408452,-1.736682
408473,-1.845088
409473,-74.929553
410473,-38.809783
411473,-28.943662
412473,-29.594696
412520,-3.239853
412540,-1.568733
412561,-2.173671
412606,-3.586348
412626,-1.304144
412646,-1.760930
412666,-1.624046
412686,-2.633445
412751,-3.627141
412772,-2.796925
412792,-2.612397
412813,-2.696031
412834,-1.511064
412855,-3.186593
412928,-5.683786
412996,-4.346021
413017,-3.274411
413054,-5.246697
413074,-3.368166
413103,-3.937807
414103,-91.665769
414124,-1.316628
414146,-1.623814
414173,-2.582685
414201,-2.342071
414454,-39.435852
414475,-2.367458
414501,-2.626643
414522,-2.703753
414542,-2.417198
414563,-3.066033
414583,-2.391060
414603,-2.539546
414624,-3.358073
414644,-3.361746
414664,-3.518771
415664,-24.051555
415684,-0.744938
416684,-104.724246
416705,-1.865212
417705,-44.462177
418705,-28.750236
419705,-250.217857
419745,-1.548229
419765,-0.750732
419815,-2.882859
420815,-30.988848
420843,-1.402471
420864,-1.679925
420893,-1.681261
420914,-1.456827
420936,-2.543571
420957,-2.474083
420977,-1.936923
420997,-2.975797
421017,-1.702387
421055,-1.942560
421077,-2.635492
421213,-6.326203
421234,-2.942543
421254,-2.361674
421274,-2.691243
421294,-2.337505
421324,-1.885040
421344,-2.635757
421366,-2.119609
421498,-6.712257
421518,-3.266417
421538,-2.584990
421601,-7.817070
421629,-2.477844
421649,-2.925136
421669,-3.195257
421689,-2.599342
421709,-2.960632
421729,-3.250090
421749,-2.593332
421769,-2.164043
421789,-3.120233
421830,-3.023544
421850,-3.008669
421873,-2.192385
421895,-1.507013
421915,-1.181320
421935,-2.146644
421977,-2.587508
422022,-2.816183
422049,-2.029983
422102,-3.960693
422124,-2.992049
422144,-2.301817
422172,-2.316108
422192,-3.180503
422212,-2.829890
422232,-2.628917
422252,-3.320727
422282,-2.502640
422311,-3.116746
422353,-3.824121
422406,-4.989813
422443,-3.432690
422463,-2.245007
422493,-3.295577
422523,-3.188534
422545,-2.308648
422566,-2.337267
422588,-2.705807
422628,-3.113975
422681,-3.629780
422712,-2.834786
422750,-3.760434
422793,-3.729110
422820,-3.267807
422850,-3.812300
422893,-5.750064
422942,-4.834314
423032,-12.732146
423053,-1.615107
423125,-13.562110
423182,-7.895229
423215,-2.327095
423253,-3.185291
423287,-3.856669
423308,-2.326367
423330,-2.599538
423350,-2.138175
423370,-2.321036
423390,-3.110381
423422,-3.659459
423451,-2.809724
423475,-3.563386
423495,-2.469607
423515,-1.690986
423535,-3.000149
423556,-3.139017
423576,-3.628394
423596,-2.491021
423617,-2.553322
423638,-2.944235
423660,-2.582008
423680,-3.089039
423701,-3.454417
423721,-3.215570
423748,-2.727495
423768,-3.012633
423811,-4.057261
423831,-2.122453
423900,-4.020492
423920,-2.774857
423961,-3.775498
423982,-2.755932
424016,-3.987545
424045,-3.757549
424066,-2.692847
424091,-2.918826
424112,-3.462974
424133,-3.941704
424192,-6.777879
424212,-2.302230
424234,-2.366917
424255,-2.838584
424276,-1.349066
424297,-1.836175
425297,-28.731216
425318,-1.458913
425339,-1.723205
425361,-1.327949
425381,-1.586489
425402,-2.317364
425423,-2.775616
425444,-1.893140
425466,-2.155356
425487,-3.103960
425508,-2.155027
425546,-2.726888
426128,-122.915576
426329,-20.035106
426351,-1.217971
426384,-1.695862
426434,-3.053894
426683,-53.809813
426716,-2.928356
426743,-1.512172
426763,-1.920943
426789,-2.216719
426810,-2.562221
426831,-2.535403
426852,-2.134630
426874,-2.616814
426902,-3.057420
426924,-2.832059
426944,-2.876727
426965,-3.483330
426987,-3.094782
427010,-3.136962
427034,-3.102134
427056,-3.728002
427077,-1.641059
427098,-3.091103
427120,-4.361388
427156,-4.228178
427178,-3.187049
427199,-2.988721
427221,-2.968870
427242,-3.230838
427263,-3.296297
427305,-4.160099
427349,-5.334472
427379,-4.175796
427400,-3.425619
427421,-3.565473
427441,-2.640495
427461,-2.573919
427482,-2.996111
427503,-3.494746
427523,-3.336679
427544,-3.174097
427565,-3.797813
427586,-3.137733
427606,-3.529069
427626,-3.244928
427903,-51.560841
427925,-3.315049
427946,-3.276790
428037,-8.070691
428083,-4.022549
428114,-3.602969
428138,-3.079702
428160,-3.851464
428181,-3.400238
428208,-2.671089
428230,-2.589146
428251,-3.969107
428276,-2.255962
428300,-3.537663
428321,-3.988310
428342,-3.910005
428363,-4.280536
428384,-4.047791
428405,-3.314517
428426,-3.103216
428450,-3.349236
428471,-3.851066
428492,-4.083674
428532,-5.108582
428553,-3.103235
428581,-3.474060
428603,-4.535148
428628,-2.647932
428657,-2.000476
428678,-4.348261
428700,-3.599186
428721,-3.278395
428754,-2.552274
428793,-4.183984
428824,-3.087876
428852,-3.396076
428886,-4.257722
428917,-4.375157
428940,-3.732977
428968,-3.360223
428997,-3.259816
429018,-3.024149
429046,-4.310199
429079,-4.428333
429099,-2.409835
429119,-2.244386
429140,-3.872448
429181,-4.306416
429217,-3.253133
429243,-3.407326
429264,-3.231205
429310,-3.955385
429332,-3.334021
429353,-3.792346
429373,-2.173441
429403,-2.553106
429437,-3.566193
429458,-2.431416
429479,-3.373853
429510,-4.775398
429532,-3.635656
429553,-2.893552
429581,-3.889634
429690,-11.953416
429710,-2.914007
429730,-3.229831
429757,-3.284637
429793,-2.173868
429822,-3.242506
429842,-2.913447
429873,-2.470906
429895,-2.703192
429916,-3.914214
429955,-1.974861
429976,-4.130691
429996,-2.401318
430017,-2.497407
430050,-3.579091
430071,-2.644060
430091,-1.897492
430111,-2.638068
430131,-2.430334
430166,-3.530581
430191,-3.257812
430275,-5.234222
430301,-3.368270
430334,-2.887541
430358,-3.914234
430384,-4.344163
430414,-3.583112
430435,-2.024788
430472,-3.137514
430508,-3.377787
430547,-3.090845
430574,-3.165727
430595,-3.255293
430615,-3.567404
431615,-124.622222
431737,-13.281173
431784,-2.067442
431831,-3.483829
432076,-32.472674
433076,-27.904952
433097,-1.312829
433191,-6.927478
433434,-22.618821
434434,-22.714960
435434,-86.035905
435457,-1.389474
436457,-27.369618
436514,-3.571732
437514,-26.224375
437537,-1.583273
437557,-1.600160
437577,-1.015768
437597,-1.868921
437617,-1.330653
437637,-2.003168
437658,-2.831509
437678,-3.111739
437699,-2.929860
437721,-2.835469
437781,-4.794735
437802,-2.917444
437822,-2.686720
438822,-26.839307
438843,-1.915740
438863,-1.543223
438883,-1.843738
438903,-2.828812
438923,-2.633576
438943,-2.453191
438963,-3.111183
438983,-2.128165
439003,-2.294565
439023,-3.094631
439043,-3.467046
439063,-2.841777
439083,-3.068802
439103,-2.912401
439124,-2.945004
439144,-2.222098
439164,-3.156959
439185,-3.251922
439205,-2.481207
439226,-1.861813
439246,-2.804719
439266,-3.672480
439286,-3.639279
439306,-2.883492
439326,-3.352971
439347,-3.108989
439367,-3.426426
439387,-3.358182
439407,-3.748557
439427,-4.162479
439447,-3.939551
439467,-3.486941
439487,-3.583997
439507,-3.110965
439527,-3.638120
439547,-3.098104
439567,-3.548608
439587,-2.992252
439607,-2.983923
439628,-3.224331
439648,-2.930377
439668,-2.865623
439688,-2.777902
439708,-2.774084
439728,-3.297178
439749,-2.503065
439769,-3.083623
439789,-3.488032
439809,-3.357812
439829,-3.650380
439850,-3.048748
439870,-3.623378
439891,-3.322362
439912,-2.686850
439932,-3.590603
439952,-3.875556
439972,-3.449336
439993,-2.304639
440013,-3.181393
440033,-3.631439
440053,-4.005149
440073,-3.924111
440093,-3.827272
440114,-1.751898
440134,-2.758020
440155,-2.154913
440175,-2.702507
440195,-3.191727
440215,-2.721072
440235,-2.433359
440256,-3.032772
440276,-2.474855
440296,-3.445319
441296,-44.606448
441316,-2.658993
441336,-3.121493
441444,-25.122892
441464,-2.693331
441566,-21.603922
441586,-2.438714
441606,-2.495543
441629,-1.718563
441654,-2.791779
441674,-2.286101
441694,-2.535948
441714,-2.382173
441734,-2.235737
441756,-2.394356
441777,-2.114617
441801,-2.585355
441822,-1.861005
441860,-2.575320
441880,-2.084628
441901,-2.023613
441922,-2.333296
441942,-2.228513
441962,-2.496661
441993,-3.023536
442013,-2.039283
442038,-2.703658
442069,-3.786373
442094,-2.600909
442114,-2.645697
442135,-2.734663
442157,-2.303021
442177,-2.641483
442197,-2.290348
442217,-2.629079
442238,-2.350920
442260,-2.648343
442285,-1.984542
442331,-1.619884
442369,-3.452653
442402,-3.225279
442426,-3.097358
442447,-2.114648
442468,-1.748392
442488,-2.670479
442508,-3.015271
442529,-1.517824
442550,-2.076927
442570,-3.223389
442590,-3.235806
442612,-1.284732
442662,-1.900606
442710,-1.675162
442746,-1.742432
442784,-2.372902
442814,-1.432347
442878,-2.301252
442917,-2.631867
442956,-2.485001
443047,-5.072572
443067,-1.331814
443088,-1.584753
443109,-1.555767
443150,-1.895112
443170,-2.112780
443203,-2.783773
443224,-2.196266
443265,-3.106307
443299,-1.978530
443335,-3.562370
443356,-2.374458
443379,-2.176329
443417,-2.898779
443457,-3.065533
443480,-2.766869
443523,-3.967247
443544,-2.785811
443565,-2.205466
443620,-5.085637
443654,-1.713601
443684,-2.112773
443715,-1.533029
443770,-5.062402
443826,-3.786910
443874,-4.481340
443922,-3.967645
443943,-2.750461
443973,-3.398812
444003,-3.265413
444064,-3.521201
444094,-3.473290
444130,-3.133963
444160,-2.485768
444197,-3.419683
444217,-2.660090
444239,-1.847846
444270,-2.606525
444325,-4.567835
444345,-2.236317
444370,-2.653315
444408,-2.884291
444430,-2.667731
444450,-2.727201
444470,-2.380674
444490,-2.380074
444510,-2.997140
444531,-2.983927
444571,-4.258411
444593,-2.498858
444637,-4.054492
444674,-4.381613
444699,-3.532474
444727,-3.750766
444747,-3.043920
444767,-3.199378
444788,-3.217886
444809,-2.665859
444838,-3.276727
444863,-2.819891
444974,-15.710785
445003,-3.205163
445028,-2.825300
445059,-3.471387
445120,-3.374375
445141,-2.753856
445163,-2.200197
445187,-3.107391
445207,-3.499784
445239,-3.986182
445264,-2.758457
445481,-59.553293
445523,-4.325293
445562,-3.183409
445612,-4.983186
445669,-5.086499
445725,-6.253783
445756,-4.033270
445784,-3.311388
445818,-3.249650
445861,-3.272641
445882,-2.431761
445920,-4.518465
445941,-3.139507
445962,-3.267485
445994,-3.123059
446017,-3.087629
446052,-3.672155
446094,-4.892902
446147,-5.727829
446170,-3.515462
446198,-4.339424
446223,-4.121504
446329,-15.135288
446383,-4.760543
446420,-3.506831
446440,-2.787791
446460,-2.791622
446498,-3.463983
446518,-2.367443
446538,-2.950746
446558,-2.840757
446578,-3.726529
446598,-2.769710
446619,-3.064802
446640,-2.545624
446660,-2.709219
446680,-2.316046
446700,-3.009198
446721,-2.299561
446741,-1.463997
446770,-3.155992
446790,-2.918364
446810,-2.108788
446830,-1.838997
446851,-1.617077
446871,-2.444957
446892,-2.935873
446912,-2.617007
446932,-3.100889
446954,-1.172550
446974,-2.821308
447002,-1.682013
447026,-1.988597
447046,-2.006069
447066,-1.434373
447086,-1.485022
447119,-1.982496
447139,-1.955550
447159,-2.320353
447180,-2.158152
447207,-2.109800
447228,-2.005627
447249,-2.324267
447269,-2.590779
447308,-3.795890
447329,-2.633555
447350,-2.128797
447371,-3.508473
447399,-3.422681
447429,-2.022417
447449,-3.456332
447469,-2.710317
447489,-3.185397
447510,-2.828300
447531,-3.479032
447552,-3.993950
447581,-1.674950
447607,-2.497059
447634,-3.175114
447663,-3.943247
447735,-9.678955
447755,-3.269127
447777,-3.524289
447806,-4.061598
447827,-3.721503
447847,-3.085411
447868,-3.264716
447889,-3.255570
447914,-3.795607
447938,-3.675364
447959,-3.944446
447980,-4.273334
448001,-3.874017
448022,-4.256571
448042,-3.992974
448069,-3.873617
448089,-4.052702
448110,-3.837306
448131,-3.756151
448152,-4.346544
448172,-4.329168
448192,-4.598729
448213,-4.445785
448238,-4.469680
448260,-4.600905
448281,-3.996424
448315,-2.804498
448335,-4.220935
448356,-4.547566
448377,-3.207310
448398,-4.762537
448419,-3.174226
448439,-4.620984
448461,-2.951457
448481,-4.604756
448503,-3.613130
448526,-3.593405
448553,-4.756560
448574,-3.532010
448595,-1.799499
448623,-2.512364
448644,-1.991476
448665,-2.491850
448686,-2.304067
448707,-1.740473
448728,-2.852141
448749,-2.636814
448777,-3.708309
448798,-2.712203
448819,-3.784201
448844,-3.983736
448865,-3.334567
448891,-3.682306
448915,-3.503950
448942,-3.454816
448967,-3.174489
448992,-4.213584
449017,-4.343190
449038,-3.559886
449058,-2.566943
449079,-2.757144
449104,-2.841591
449159,-3.526042
449179,-4.089792
449200,-3.850017
449224,-4.410661
449244,-4.205014
449265,-3.838408
449285,-4.065168
449306,-3.726944
449327,-3.664709
449352,-4.639769
449372,-1.703586
449397,-2.217557
449461,-5.724000
449482,-3.108551
449502,-1.854686
449528,-3.021740
449549,-3.106119
449569,-1.795795
449590,-1.515456
449610,-2.410049
449630,-2.595843
449650,-4.095359
449670,-3.756376
449690,-4.194494
449711,-3.200382
449732,-3.725815
449753,-3.076682
449774,-3.047641
449794,-3.851017
449815,-2.917485
449838,-2.215887
449858,-2.011226
449879,-3.002250
449899,-1.982268
449919,-2.114650
449939,-1.920978
449959,-2.291725
449979,-1.988020
449999,-1.966604
450019,-2.613924
450039,-2.229004
450060,-2.898627
450080,-2.103862
450100,-2.375276
450120,-1.909806
450156,-1.460926
450176,-2.778163
450196,-2.060887
450216,-2.395226
450236,-3.061501
450256,-3.150489
450276,-3.787393
450296,-3.581445
450316,-3.075147
450336,-2.666836
450356,-3.335285
450376,-2.804981
450396,-3.312165
450416,-3.138142
450436,-4.139917
450456,-2.979392
450476,-3.473353
450496,-3.377860
450516,-3.628667
450536,-1.880940
450556,-2.889442
450576,-2.696278
450596,-2.532869
450616,-3.538376
450636,-2.655960
450656,-2.446593
450676,-2.351307
450696,-2.225759
450716,-2.746865
450736,-2.657432
450756,-3.648955
450776,-2.356334
450796,-3.401331
450816,-3.082744
450836,-3.236094
450856,-3.491381
450877,-3.342299
450897,-4.018233
450917,-3.787608
450937,-3.592086
450957,-3.398832
450977,-3.486503
450997,-3.589659
451085,-14.680451
451105,-3.397903
451125,-1.410869
451145,-1.935663
451165,-3.504156
451185,-3.203117
451205,-2.444812
451225,-2.373829
451245,-3.297513
451266,-4.085910
451286,-3.601052
451356,-13.801765
451380,-2.516342
451401,-2.288031
451421,-2.167003
451442,-2.736859
451463,-2.804538
451483,-3.309707
451503,-2.574510
451523,-3.133599
451543,-3.538091
451563,-3.217406
451583,-2.369010
451603,-3.048996
451624,-3.436176
451644,-3.333285
451665,-3.271612
451686,-2.581193
451706,-1.609397
451726,-2.115621
451746,-2.316379
451767,-2.639829
451787,-2.082207
451807,-1.836067
451827,-2.194439
451847,-3.240333
451867,-2.629135
451887,-2.162599
451908,-3.000807
451928,-2.841059
451948,-3.417908
451968,-2.838355
451988,-3.680055
452008,-3.965033
452028,-3.496923
452048,-2.685529
452068,-3.904491
452088,-3.897766
452109,-3.329357
452129,-3.705765
452149,-3.391323
452169,-4.066279
452189,-3.607885
452209,-2.475614
452229,-3.029375
452249,-3.418008
452269,-3.715192
452289,-3.899801
452309,-4.070260
452329,-3.528214
452350,-2.986260
452370,-2.983914
452390,-2.872442
452410,-3.907510
452430,-3.397828
452450,-3.203027
452470,-3.303836
452490,-4.008862
452510,-3.787619
452530,-3.965970
452550,-4.141634
452570,-4.290907
452590,-3.706183
452610,-3.117021
452630,-3.248918
452650,-3.654114
452670,-4.238406
452690,-3.145707
452711,-3.525598
452731,-4.042554
452751,-4.253870
452771,-3.979392
452792,-3.251518
452813,-4.404651
452833,-2.891861
452853,-3.220606
452873,-3.901310
452893,-4.105777
452915,-3.143412
452935,-3.218366
452956,-4.029016
452976,-4.247497
452996,-2.827639
453016,-2.404651
453036,-2.331370
453056,-2.421734
453076,-2.952592
453098,-3.727174
453118,-2.891853
453138,-3.228359
453159,-2.851942
453179,-3.077711
453199,-3.270495
453219,-3.502169
453239,-3.084246
453259,-3.217170
453279,-2.960961
453299,-3.573884
453319,-3.473524
453339,-3.490545
453360,-3.380496
453381,-3.022609
453402,-2.731721
453423,-2.908079
453460,-3.889301
453481,-3.412601
453501,-2.797878
453521,-2.650544
453541,-2.608242
453561,-2.819900
453581,-3.257430
453601,-3.257533
453621,-2.817081
453657,-3.521964
453677,-3.430979
453697,-2.984905
453717,-2.922601
453737,-3.340511
453757,-2.858995
453777,-3.370751
453797,-2.408676
453817,-2.168607
453837,-1.827095
453857,-2.112250
453877,-2.614653
453897,-2.421409
454897,-53.814626
454962,-2.953536
454983,-1.130338
455003,-1.169839
455025,-1.484563
455045,-1.470733
455065,-1.839195
455085,-1.744706
455105,-1.921948
455125,-2.097028
455155,-1.985793
455182,-1.417873
455202,-1.665013
455222,-1.832402
455249,-1.412634
455269,-1.380191
455312,-1.854160
455345,-2.015213
455378,-2.153387
455415,-2.584323
455441,-1.588710
455477,-1.563650
455505,-2.320907
455582,-4.318035
455621,-2.799835
455673,-3.104698
455694,-1.642470
455762,-3.132139
455790,-1.890081
455813,-2.106089
455833,-1.988337
455902,-3.997548
455925,-2.469005
455954,-2.072899
455983,-2.301738
456015,-1.835275
456049,-2.011014
456097,-3.155218
456122,-2.581913
456157,-2.795056
456179,-1.593253
456213,-2.545751
456257,-2.506260
456286,-2.171535
456321,-2.747337
456356,-2.228213
456407,-2.567343
456435,-1.719340
456470,-3.138331
456503,-2.219363
456538,-2.648347
456566,-2.003906
456614,-2.802928
456635,-2.241887
456659,-1.879437
456702,-2.148851
456732,-2.889944
456773,-3.780063
456803,-3.020152
456833,-2.803517
456853,-1.774160
456882,-2.668038
456912,-2.551281
456933,-2.228374
456959,-2.479457
456992,-2.893035
457030,-3.433576
457051,-2.623895
457083,-2.830136
457111,-2.767900
457134,-2.550822
457176,-3.412643
457196,-2.054928
457230,-2.674499
457263,-3.606003
457285,-2.260054
457316,-3.631900
457336,-1.671119
457356,-1.978309
457376,-2.009172
457396,-2.042813
457416,-1.812030
457436,-2.429610
457456,-2.172449
457480,-2.656190
457507,-2.672673
457527,-2.502635
457548,-2.360125
457568,-2.486363
457588,-2.304063
457608,-2.264695
457628,-2.759501
457648,-2.039621
457668,-2.193926
457688,-2.193250
457708,-2.078536
457728,-1.882418
457748,-2.435048
457768,-2.793530
457789,-2.158490
457821,-3.457557
457846,-2.914872
457879,-2.683359
457920,-3.531766
457941,-2.868704
457971,-3.125519
457992,-2.668169
458022,-3.018006
458048,-2.811768
458068,-2.792524
458089,-2.617394
458110,-2.694043
458144,-3.282532
458165,-2.321460
458193,-3.488911
458222,-2.329746
458242,-2.885398
458262,-2.483347
458282,-3.105470
458310,-2.054337
458332,-2.306758
458352,-1.756223
458373,-1.945026
458393,-3.072392
458413,-2.115182
458446,-4.197918
458469,-2.512383
458500,-2.912551
458520,-2.417385
458542,-2.491244
458575,-3.792898
458609,-2.479102
458642,-3.380496
458717,-5.308385
458746,-3.677671
458766,-2.557361
458786,-2.742694
458806,-3.041291
458834,-3.870510
458864,-3.350121
458886,-2.728846
458906,-1.871312
458926,-2.378909
458948,-2.545870
458970,-2.335568
458990,-2.808553
459010,-2.108580
459030,-2.506561
459050,-3.193925
459070,-2.402401
459090,-1.890308
459110,-2.583827
459130,-2.455653
459150,-2.676823
459170,-3.075372
459190,-3.618544
459210,-3.862927
459239,-2.909830
459259,-2.524593
459279,-3.054644
459299,-2.179745
459319,-1.507576
459339,-2.769874
459359,-1.963227
459379,-2.461939
459399,-2.194853
459420,-2.207138
459447,-2.246557
459467,-3.389468
459487,-2.671168
459507,-2.602537
459527,-3.164680
459547,-3.706326
459572,-3.200929
459592,-3.719813
459619,-3.356075
459639,-3.699367
459659,-3.176191
459679,-2.865133
459699,-3.444368
459731,-2.822019
459751,-3.525443
459771,-3.628365
459791,-2.265979
459811,-2.880340
459831,-2.538320
459851,-2.983879
459871,-3.121090
459892,-3.136774
459912,-3.482476
459932,-3.654285
459952,-3.477399
459972,-3.178019
459992,-3.153403
460012,-3.507616
460032,-2.712912
460052,-3.783394
460073,-3.220964
460093,-2.946256
460113,-3.782692
460134,-4.083479
460154,-3.766088
460174,-4.189453
460194,-3.397568
460214,-4.242172
460234,-3.202128
460255,-3.714051
460275,-3.567572
460295,-3.702890
460315,-3.545612
460335,-3.770538
460355,-4.097441
460375,-3.727523
460395,-2.568534
460415,-2.293017
460435,-3.330952
460455,-4.221459
460475,-2.924048
460495,-3.739098
460515,-3.318666
460535,-2.717609
460555,-2.948477
460575,-2.567101
460596,-3.069885
460616,-3.581457
460636,-3.455914
460656,-3.957281
460677,-2.984965
460697,-2.940885
460717,-3.161926
460737,-4.201652
460757,-3.486561
460777,-3.506955
460797,-4.240798
460817,-2.487101
460838,-3.588974
460858,-2.375845
460878,-2.771581
460898,-1.876603
460918,-2.977246
460938,-2.418824
460958,-2.522027
460978,-1.988994
460998,-2.582359
461018,-2.164787
461038,-3.139927
461058,-3.057963
461078,-3.047913
461098,-2.409303
461118,-2.079403
461138,-2.846890
461158,-2.692135
461178,-1.923909
461198,-2.015486
461218,-2.294792
461238,-3.607919
461258,-3.296369
461278,-3.073539
461298,-2.890128
461318,-3.079293
461338,-2.787267
461358,-2.896224
461378,-3.145850
461399,-3.463453
461419,-3.531295
461439,-2.928136
461459,-2.875275
461479,-2.930472
461499,-2.364443
461519,-2.727005
461539,-2.794621
461559,-2.281108
461579,-1.521495
461599,-2.195710
461619,-2.835251
461640,-2.961772
461660,-3.206048
461680,-2.896478
461700,-3.402004
461720,-2.920945
461740,-3.358093
461760,-2.259305
461780,-2.476007
461815,-2.199474
461835,-2.469926
461855,-2.413662
461875,-2.784460
461895,-3.202406
461915,-3.238843
461935,-2.400742
461955,-2.124696
461975,-1.915752
461995,-1.785769
462015,-1.989705
462035,-2.499838
462065,-3.526214
462085,-2.673827
462105,-2.613252
462125,-3.122377
462145,-2.283811
462165,-3.120315
462185,-3.490055
462205,-3.412728
462225,-3.513383
462267,-1.886873
462288,-1.589188
462308,-1.754340
462350,-2.857540
462370,-2.818076
462391,-2.910994
462475,-4.464265
462495,-2.123266
462515,-2.764886
462767,-37.035707
462839,-4.444501
462860,-1.555505
462888,-2.093675
462917,-1.963715
462953,-2.383560
462984,-1.397498
463007,-1.295518
463055,-2.878023
463084,-1.804295
463110,-2.313470
463159,-3.440271
463195,-3.510714
463245,-3.479151
463272,-2.028619
463305,-2.395764
463336,-2.569995
463357,-2.213897
463382,-2.463498
463402,-1.739454
463423,-1.594960
463455,-2.985053
463484,-2.347500
463513,-2.503998
463542,-2.290009
463576,-2.352933
463598,-1.545377
463618,-1.995301
463638,-2.008694
463669,-2.486763
463690,-1.728051
463710,-1.843206
463730,-1.791399
463814,-3.564187
463834,-1.807597
463854,-1.792946
463874,-2.722351
463896,-2.714710
463937,-3.100716
463957,-2.794230
463977,-3.017059
464005,-2.611107
464025,-2.037815
464046,-1.534496
464066,-2.109386
464086,-2.139229
464106,-2.497672
464126,-2.652885
464146,-2.669239
464166,-2.668450
464186,-2.062470
464206,-2.424214
464228,-1.407633
464248,-2.084008
464268,-2.671315
464288,-2.369463
464308,-3.051117
464329,-2.649180
464349,-1.602788
464369,-1.756431
464389,-2.783863
464409,-2.168717
464429,-2.371757
464449,-1.949798
464469,-2.639544
464489,-3.127810
464509,-2.720177
464529,-2.401695
464549,-3.141268
464569,-3.085050
464589,-2.633200
464609,-2.050034
464629,-2.871336
464649,-3.331523
464669,-2.961095
464689,-2.517111
464709,-3.373686
464729,-2.733904
464749,-2.131983
464769,-2.895625
464789,-2.750126
464809,-3.137636
464829,-2.787362
464849,-2.654116
464869,-3.116266
464889,-3.532081
464909,-2.959710
464929,-2.515410
464949,-3.051982
464969,-3.401259
464997,-3.285753
465017,-3.119099
465037,-3.178863
465057,-3.520597
465077,-3.386556
465097,-3.384935
465117,-2.919845
465139,-2.526903
465159,-3.704840
465188,-2.659033
465208,-3.002036
465228,-3.118412
465248,-3.395478
465268,-3.581791
465288,-3.203782
465308,-2.369273
465335,-2.873989
465355,-2.616380
465375,-3.765837
465395,-1.902910
465415,-1.843197
465435,-2.017048
465455,-1.813725
465475,-2.195839
465495,-1.680189
465515,-2.361318
465535,-2.640510
465555,-2.989333
465575,-2.861418
465603,-2.138887
465637,-3.049989
465657,-2.372785
465677,-2.781831
465697,-1.960520
465717,-2.314383
465737,-2.758109
465757,-2.173783
465777,-2.527851
465797,-2.598102
465817,-2.437581
465837,-2.500241
465857,-2.826859
465877,-2.558300
465897,-2.122572
465917,-2.881442
465937,-3.619348
465957,-3.293630
465977,-2.989021
465997,-2.429366
466017,-2.784323
466037,-2.558897
466057,-3.294369
466077,-3.343981
466097,-3.069031
466117,-3.216945
466137,-2.982918
466157,-3.445552
466177,-2.803963
466197,-1.917921
466217,-2.666537
466245,-2.800418
466273,-3.273441
466299,-3.457169
466326,-2.414879
466351,-2.739889
466371,-2.004802
466391,-2.681803
466411,-2.310331
466431,-2.521600
466451,-3.125744
466473,-2.370477
466494,-1.668502
466514,-1.997249
466534,-2.922475
466554,-2.643995
466588,-3.161199
466617,-2.842827
466648,-3.152803
466669,-2.400950
466696,-3.665050
466736,-3.871013
466770,-3.370554
466807,-3.649859
466827,-2.773304
466847,-3.330482
466869,-3.267473
466927,-4.255382
466947,-2.261061
466967,-2.745440
466987,-2.452151
467007,-2.688335
467027,-2.878015
467047,-2.356831
467067,-3.254660
467087,-2.670062
467108,-2.429475
467128,-3.435264
467149,-2.601958
467169,-3.517050
467189,-2.769205
467217,-2.584495
467271,-3.164364
467291,-3.205747
467311,-3.113304
467331,-3.202039
467351,-2.445276
467371,-2.837429
467400,-2.689977
467431,-3.083652
467451,-3.134117
467473,-2.529240
467495,-2.523494
467515,-2.365663
467545,-3.031488
467607,-3.970940
467632,-2.491152
467652,-3.192067
467735,-10.702780
467763,-2.605880
467795,-2.970872
467819,-2.776284
467839,-2.755835
467859,-2.304954
467926,-9.098213
467953,-3.205027
467973,-2.846628
467994,-2.101367
468014,-2.562304
468034,-2.658114
468054,-1.791773
468080,-2.463352
468100,-2.224153
468165,-6.014072
468185,-2.565938
468205,-2.123612
468225,-2.358193
468245,-3.048460
468265,-3.511210
468285,-2.292997
468305,-2.524125
468325,-3.024188
468345,-2.639755
468366,-2.305515
468386,-3.125637
468406,-2.974872
468426,-2.595420
468463,-3.139218
468483,-3.329480
468503,-2.729313
468523,-3.324933
468553,-3.365787
468575,-2.658323
468595,-2.292568
468615,-2.895241
468635,-2.416277
468669,-2.941463
468697,-2.869294
468717,-2.483542
468737,-2.644598
468757,-2.834683
468777,-2.562201
468797,-3.370700
468817,-3.343889
468837,-2.921222
468857,-2.402574
468877,-2.537873
468897,-3.063582
468917,-3.334946
468937,-3.192305
468958,-2.501748
468985,-2.888537
469020,-3.186756
469040,-2.400769
469073,-4.006514
469094,-2.783458
469132,-3.814053
469168,-2.976511
469194,-2.755212
469214,-2.463335
469254,-3.420186
469285,-2.548323
469305,-1.442804
469325,-1.926914
469526,-47.268854
469546,-1.643010
469566,-1.978675
469586,-2.120310
469607,-2.418154
469627,-3.311105
469647,-3.567281
469667,-2.529740
469687,-3.109259
469707,-2.521820
469727,-1.950626
469747,-2.257746
469769,-2.643599
469789,-2.589292
469810,-2.653886
469830,-2.964886
469850,-2.389627
469870,-3.438860
469890,-2.687893
469910,-2.674109
469930,-3.064601
469950,-2.911377
469970,-2.854564
469990,-3.546586
470010,-4.056748
470030,-3.217517
470050,-3.337242
470070,-4.125019
470090,-4.207088
470110,-4.115796
470131,-3.020834
470151,-3.396754
470182,-4.444808
470202,-3.614100
470222,-3.610610
470242,-3.342924
470262,-2.248980
470283,-2.921826
470304,-2.919567
470324,-3.949598
470344,-2.991211
470364,-2.529147
470384,-3.620491
470404,-3.191648
470424,-3.761186
470444,-3.693589
470464,-3.296142
470484,-3.460114
470504,-3.307112
470524,-3.469581
470544,-2.508131
470564,-3.124449
470584,-3.140204
470604,-1.878686
470624,-2.694794
470644,-2.747084
470664,-2.784679
470684,-2.243136
470704,-2.582248
470724,-2.094857
470744,-1.708150
470764,-2.057508
470784,-2.747193
470804,-3.706990
470824,-3.047850
470844,-3.786155
470864,-2.102650
470884,-3.625681
470904,-3.752910
470924,-3.983185
470944,-3.391240
470964,-3.353798
470984,-3.280226
471004,-3.338640
471024,-2.471246
471044,-2.516492
471064,-3.366285
471088,-2.482575
471108,-2.768161
471128,-2.511873
471148,-3.475126
471170,-1.307295
471191,-1.538047
471212,-1.813294
471232,-2.933486
471253,-2.231657
471273,-2.500299
471293,-1.392899
471320,-1.533795
471340,-2.218848
471360,-2.131478
471380,-2.053459
471420,-2.496724
471448,-2.116651
471478,-2.337318
471498,-2.114125
471518,-1.579295
471539,-1.997589
471561,-2.476851
471581,-2.229933
471601,-2.257232
471621,-2.259284
471649,-2.931778
471670,-2.974638
471690,-3.317925
471710,-3.195329
471730,-3.611155
471750,-3.747652
471782,-3.340204
471813,-3.224062
471842,-3.387410
471864,-3.380288
471884,-2.821367
471904,-3.217462
471924,-3.044390
471944,-3.281309
471964,-3.495401
471984,-3.693041
472004,-3.463496
472024,-3.725857
472044,-2.894032
472064,-3.012357
472085,-3.235409
472105,-2.617028
472125,-3.156052
472145,-3.042154
472165,-3.769798
472185,-3.069312
472205,-2.522165
472225,-2.060565
472245,-2.922720
472265,-3.478593
472285,-3.734996
472305,-3.196094
472325,-3.809603
472345,-4.019321
472365,-3.313153
472385,-3.506052
472405,-3.713496
472425,-3.319448
472445,-3.873269
472465,-4.027722
472485,-3.221378
472505,-3.842972
472525,-3.407179
472545,-3.472172
472565,-3.542106
472585,-3.210756
472605,-3.523780
472625,-3.891458
472645,-2.620741
472665,-2.581945
472685,-3.772240
472705,-3.158986
472725,-2.626042
472745,-2.822728
472765,-3.500056
472785,-3.941082
472805,-4.239240
472825,-3.929917
472845,-3.624263
472865,-3.360479
472885,-3.927587
472905,-4.271803
472925,-3.889510
472945,-4.050243
472965,-4.039061
472985,-4.198835
473005,-3.920914
473025,-4.115300
473045,-4.547196
473065,-3.879030
473085,-4.137836
473105,-4.261341
473125,-2.997154
473145,-2.800272
473165,-3.707041
473186,-2.399601
473215,-3.208069
473235,-3.685962
473255,-3.692093
473275,-4.230624
473296,-2.338252
473317,-1.573934
473338,-3.103848
473359,-2.826771
473379,-3.513948
473400,-2.261795
473420,-3.622782
473440,-3.960052
473460,-3.954792
473480,-3.882492
473500,-3.598939
473520,-3.122036
473542,-2.719989
473562,-3.229669
473583,-2.631891
473603,-2.462821
473623,-3.154953
473643,-4.014284
473663,-3.445261
473683,-2.827675
473704,-2.621972
473726,-2.578597
473746,-3.565329
473766,-3.719101
473787,-4.117197
473807,-3.125665
473828,-3.161750
473850,-2.928995
473870,-2.817992
473893,-3.705942
473915,-3.608097
473936,-2.702069
473958,-2.503360
473981,-1.682550
474003,-3.487572
474029,-3.302507
474055,-2.121832
474076,-2.594772
474096,-1.765576
474123,-1.942612
474143,-2.956367
474168,-2.316978
474188,-2.080484
474208,-1.793790
474228,-2.292485
474249,-2.053101
474269,-2.680388
474289,-2.069579
474309,-2.378133
474329,-2.600669
474349,-3.448428
474369,-3.134507
474390,-2.757162
474410,-2.905877
474431,-2.930590
474452,-2.571840
474473,-2.765282
474495,-3.066234
474517,-3.264253
474538,-3.002689
474559,-2.797337
474581,-3.362291
474606,-3.151807
474630,-3.414946
474652,-3.157310
474672,-2.262715
474692,-2.037817
474712,-2.237531
474733,-2.044955
474753,-1.701527
474773,-2.117054
474794,-2.461380
474818,-2.278706
474839,-1.921681
474867,-2.225647
474888,-2.768431
474910,-2.258725
474931,-1.990027
474951,-1.785457
474972,-2.551229
474994,-2.770230
475017,-2.853081
475039,-2.738563
475059,-2.596662
475080,-2.995662
475101,-2.720938
475122,-3.200105
475143,-3.045879
475164,-2.675342
475187,-2.437350
475208,-2.570753
475229,-2.783595
475250,-3.265796
475271,-3.498047
475292,-2.978154
475314,-3.101068
475338,-3.131714
475359,-2.177693
475379,-2.250021
475401,-2.250961
475423,-2.457256
475452,-2.752907
475474,-2.242569
475508,-2.275765
475530,-2.760169
475568,-2.411344
475589,-2.076873
475609,-2.433824
475637,-1.841793
475658,-2.085408
475679,-1.688497
475708,-2.320506
475845,-29.018996
475873,-2.060004
475901,-1.814587
475928,-2.641272
475950,-2.278755
475972,-2.090558
475999,-2.463733
476020,-2.556426
476041,-1.856305
476063,-2.229813
476093,-2.041863
476122,-2.377596
476143,-2.504149
476169,-1.995841
476190,-1.977421
476210,-2.064392
476232,-2.072410
476259,-2.383948
476285,-2.360017
476309,-2.129464
476336,-3.025402
476357,-2.339941
476377,-2.612545
476399,-2.124042
476420,-2.094731
476477,-4.424867
476505,-3.164081
476534,-2.365657
476571,-3.282388
476604,-2.680173
476625,-2.584087
476652,-3.350862
476672,-2.319307
476693,-3.192524
476714,-2.651246
476735,-2.717853
476762,-3.098126
476785,-2.520503
476805,-2.938403
476826,-3.119903
476847,-2.769991
476882,-2.599272
476922,-3.292171
476942,-2.778984
476962,-2.141069
476983,-1.712349
477003,-1.804522
477023,-2.062466
477043,-2.521839
477063,-2.137385
477083,-2.152675
477103,-2.401384
477123,-2.260867
477143,-2.170133
477163,-1.315340
477183,-1.650400
477203,-2.114422
477223,-1.769549
477243,-1.763177
477273,-2.116297
477293,-1.930255
477314,-2.206968
477335,-2.719791
477398,-4.741994
477418,-1.621011
477438,-1.708893
477543,-7.715795
477564,-1.933514
477584,-2.208146
477604,-1.945468
477641,-2.048341
477661,-2.214149
477685,-2.191806
477707,-2.010662
477727,-2.965080
477757,-2.925212
477777,-2.708391
477797,-2.629616
477817,-2.104835
477849,-2.470050
477870,-2.757055
477890,-2.132504
477910,-2.538013
477930,-2.794351
477950,-3.411100
477970,-3.604689
477990,-3.248067
478011,-3.135758
478031,-2.952099
478051,-2.111587
478071,-2.194680
478091,-1.265954
478111,-2.576766
478131,-2.960202
478151,-2.973452
478171,-1.892729
478370,-34.999821
478390,-2.435429
478422,-2.248003
478443,-2.447377
478463,-1.990037
478483,-2.209604
478503,-2.234031
478534,-3.035627
478555,-2.635486
478575,-2.798557
478595,-2.713312
478615,-3.146135
478635,-2.918312
478655,-3.519789
478676,-3.006665
478697,-3.173485
478717,-2.735424
478737,-3.014208
478758,-2.727101
478782,-3.055784
478802,-2.717601
478822,-2.734295
478842,-3.096370
478862,-3.437303
478882,-2.487094
478902,-2.411455
478922,-2.593635
478942,-2.890911
478962,-2.915281
478982,-3.274022
479002,-3.021407
479022,-2.928668
479043,-3.546497
479069,-3.544759
479117,-4.720117
479137,-2.860625
479157,-3.132511
479177,-2.819304
479197,-3.141265
479217,-2.325023
479237,-2.691013
479257,-2.602494
479278,-2.545721
479299,-2.548729
479319,-2.903271
479339,-3.065867
479359,-2.746191
479379,-2.675484
479399,-3.118883
479419,-3.100653
479439,-2.995165
479459,-3.276313
479479,-2.901069
479499,-3.419692
479520,-3.263871
479540,-2.976561
479560,-3.174841
479580,-2.133064
479600,-2.491628
479620,-3.048612
479640,-2.278346
479660,-2.540445
479680,-2.707287
479700,-2.180010
479720,-2.028467
479740,-2.575755
479760,-2.733087
479786,-2.562529
479806,-2.435712
479826,-2.358884
479846,-2.804512
479866,-3.134188
479886,-1.955565
479906,-2.663917
479926,-2.837518
479946,-2.248954
479966,-1.926418
479986,-2.021675
480006,-2.721652
480026,-3.051318
480046,-2.524246
480066,-2.635584
480086,-2.036896
480106,-2.355857
480126,-2.049423
480146,-2.602597
480166,-2.646237
480186,-2.957875
480206,-2.447955
480226,-2.658702
480246,-2.634953
480266,-2.994380
480286,-2.948395
480306,-2.113907
480326,-3.063478
480346,-2.631419
480366,-2.406500
480386,-2.768744
480406,-2.691722
480426,-2.593055
480446,-2.981876
480466,-2.717175
480486,-2.605138
480506,-2.561179
480527,-1.836936
480547,-2.900461
480567,-2.719410
480587,-2.826256
480607,-2.035524
480627,-2.162185
480647,-2.782090
480667,-3.066944
480687,-3.256371
480707,-2.276248
480727,-2.670533
480747,-2.748443
480767,-2.344280
480787,-2.541256
480807,-2.418927
480827,-2.068267
480847,-2.269767
480867,-3.444574
480887,-3.101985
480907,-2.659774
480927,-3.115236
480957,-2.573937
480977,-3.488186
480997,-2.202570
481017,-3.732890
481037,-3.127400
481057,-3.265697
481077,-2.736017
481097,-3.205953
481117,-3.046450
481147,-2.002199
481167,-3.029379
481187,-2.231447
481208,-2.590133
481229,-2.747794
481249,-3.373285
481269,-3.353158
481289,-2.439974
481310,-2.138568
481330,-2.577367
481350,-3.429332
481370,-3.115044
481390,-2.770404
481410,-3.374816
481432,-2.308821
481452,-3.601668
481472,-3.429798
481492,-2.821678
481513,-2.739083
481533,-3.539532
481554,-2.879260
481574,-3.223287
481594,-2.462116
481623,-2.205259
481643,-2.595231
481663,-2.413409
481684,-2.629267
481705,-3.317657
481725,-3.554073
481746,-2.786502
481767,-3.169220
481787,-3.021155
481812,-2.774340
481838,-3.575329
481858,-2.798857
481880,-3.365735
481901,-3.705204
481928,-3.888404
481949,-1.956649
481970,-2.142260
481990,-1.778927
482012,-3.171282
482033,-3.396868
482054,-2.798987
482074,-2.538689
482095,-3.062675
482117,-3.611892
482138,-2.946041
482160,-3.653959
482183,-3.141271
482204,-3.055386
482225,-1.929478
482251,-4.099243
482272,-3.060939
482293,-2.920767
482314,-3.624786
482335,-2.679884
482355,-2.275632
482376,-2.208216
482396,-2.553704
482420,-1.883316
482441,-3.138078
482462,-3.112487
482483,-2.904179
482511,-4.621810
482536,-4.431122
482556,-2.418738
482581,-4.633864
482603,-3.451440
482624,-3.372115
482649,-4.323608
482673,-4.405590
482701,-3.213412
482722,-3.298758
482746,-3.618128
482862,-7.722646
482897,-2.687454
482918,-3.644940
482938,-3.030760
482966,-2.395301
482993,-3.731984
483013,-2.808374
483033,-1.618936
483053,-2.654226
483079,-3.780959
483100,-3.508264
483120,-2.935278
483150,-1.956139
483170,-1.873950
483191,-2.373211
483212,-3.454565
483233,-1.996937
483253,-2.320914
483275,-1.942172
483296,-1.641305
483316,-2.143441
483336,-2.078810
483357,-2.048686
483377,-2.210511
483404,-3.629417
483433,-1.897029
483454,-3.690959
483475,-2.145048
483497,-1.904722
483526,-2.083657
483555,-1.988374
483575,-2.021619
483596,-2.615896
483616,-2.261050
483637,-3.404202
483662,-3.678179
483682,-3.231364
483702,-2.183008
483773,-5.177545
483795,-1.769622
483833,-3.352260
483949,-11.135552
483976,-2.623397
484004,-3.152662
484030,-3.573484
484050,-3.142568
484070,-3.114570
484096,-1.904398
484120,-2.773104
484141,-2.547293
484162,-2.510018
484193,-2.063277
484220,-2.730950
484289,-4.367709
484545,-42.157791
484566,-2.552959
484586,-1.470234
484606,-2.668244
484627,-3.240234
484647,-2.653335
484667,-1.871475
484687,-1.934281
484707,-2.044123
484727,-2.265938
484747,-2.526960
484767,-2.150883
484787,-1.852632
484807,-1.665032
484827,-2.253716
484847,-2.325146
484876,-1.911488
484902,-2.357832
484922,-2.085756
484943,-1.906013
484972,-2.148259
484999,-2.701072
485019,-2.055222
485039,-1.864289
485068,-2.349100
485088,-2.110193
485108,-2.467128
485128,-1.919452
485148,-2.335807
485168,-2.892125
485188,-2.694698
485208,-2.367736
485228,-2.239929
485248,-2.314185
485268,-2.373597
485288,-2.714846
485308,-2.653926
485328,-2.362018
485348,-3.219365
485368,-2.839273
485388,-2.552827
485408,-2.400798
485428,-2.381176
485448,-2.816816
485468,-2.420964
485488,-1.965217
485517,-2.636327
485537,-2.355465
485557,-2.324735
485578,-2.625216
485598,-2.693607
485618,-1.975646
485638,-2.775172
485659,-2.384522
485679,-2.190669
485699,-2.569105
485719,-2.450634
485740,-2.637631
485760,-1.981316
485780,-2.192789
485800,-2.586248
485821,-2.856393
485841,-2.651710
485861,-2.580013
485881,-2.597190
485901,-2.082191
485921,-2.370130
485941,-1.970458
485961,-2.599996
485981,-1.826939
486002,-2.264124
486022,-1.901934
486042,-2.465126
486062,-2.554557
486083,-2.623719
486104,-2.233501
486124,-2.111052
486146,-2.106306
486168,-2.534312
486188,-2.316850
486210,-2.309298
486230,-2.220335
486252,-2.356372
486281,-2.475963
486304,-2.682745
486328,-2.388735
486350,-2.309151
486372,-2.745910
486392,-2.448476
486412,-2.955094
486432,-2.659071
486452,-3.154652
486472,-2.596434
486492,-3.242648
486512,-2.523220
486534,-2.991842
486554,-2.425324
486574,-2.617915
486594,-2.596698
486618,-2.709023
486638,-2.766430
486658,-2.557507
486678,-2.645072
486698,-2.265568
486719,-2.836645
486742,-2.738032
486762,-2.782301
486782,-2.641820
486803,-2.681090
486823,-2.695659
486843,-2.960249
486863,-2.426976
486883,-2.904861
486903,-2.578095
486923,-2.949028
486943,-2.778571
486963,-2.873371
486983,-3.307814
487003,-2.939682
487023,-2.677295
487043,-3.036640
487063,-2.211302
487083,-3.109775
487103,-2.370547
487123,-3.453265
487143,-2.884430
487163,-2.475014
487183,-2.676958
487203,-3.124028
487224,-2.801012
487244,-3.156646
487264,-2.518991
487284,-2.387553
487304,-2.165004
487324,-2.098163
487344,-2.649404
487364,-2.635522
487384,-3.068691
487405,-2.506204
487425,-3.077798
487445,-2.482747
487465,-2.606564
487485,-2.696162
487505,-2.737426
487525,-3.224807
487545,-3.181578
487565,-3.134526
487585,-3.129240
487606,-2.511658
487626,-2.851968
487646,-2.430097
487666,-2.785609
487686,-3.239242
487706,-3.344172
487727,-2.246486
487747,-3.085434
487768,-2.566339
487843,-2.937101
487876,-2.311696
487912,-1.961324
487939,-1.832836
488076,-10.388258
488122,-2.466816
488202,-4.164512
488244,-2.596862
488278,-2.844241
488318,-2.913342
488360,-3.234347
488448,-5.663554
488489,-3.534830
488568,-5.107384
488702,-7.550302
488756,-3.562939
488799,-4.431419
488840,-3.070857
488881,-3.594569
489039,-29.074747
489180,-15.157571
489223,-2.880658
489264,-3.318016
489303,-3.445238
489340,-3.325157
489372,-3.752405
489567,-29.198388
489596,-2.516344
489628,-2.152963
489684,-4.895986
489788,-11.369560
490389,-107.877105
490454,-3.642345
490501,-3.473196
490947,-23.455317
490967,-1.775299
490987,-2.095774
491467,-16.302589
491526,-2.966432
491559,-2.689805
491580,-1.749872
491600,-1.738196
491620,-2.088764
491640,-2.179661
491660,-2.154919
491680,-1.911386
491700,-2.133554
491720,-2.299318
491740,-2.254070
491760,-2.716802
491780,-2.361090
491801,-1.721321
491821,-1.870353
491841,-2.511686
491861,-2.380740
491881,-2.331402
491901,-2.386532
491921,-2.688766
491942,-2.190393
491962,-3.055230
491982,-2.299121
492002,-2.948393
492022,-2.964428
492042,-3.049174
492062,-2.851841
492082,-2.881624
492102,-2.905163
492122,-3.338430
492142,-2.248762
492162,-2.255707
492182,-3.222502
492202,-2.205706
492222,-3.010919
492242,-3.149997
492262,-3.017301
492282,-3.324798
492302,-2.882303
492322,-3.506232
492342,-3.773230
492362,-3.197660
492382,-2.891627
492402,-2.202397
492422,-2.001926
492442,-2.180813
492463,-2.258436
492483,-2.915976
492503,-3.039279
492523,-3.954973
492543,-2.896595
492563,-3.137384
492583,-2.980609
492603,-3.274959
492623,-2.262604
492643,-2.199456
492663,-2.828107
492683,-2.939796
492704,-2.438383
492724,-3.660836
492744,-3.126555
492765,-2.174093
492785,-2.300922
492806,-2.043390
492828,-1.860450
492848,-2.068419
492868,-3.097248
492888,-2.965456
492908,-3.443504
492928,-2.041926
492948,-2.798113
492968,-3.146869
492989,-2.363089
493009,-2.117105
493029,-3.399579
493049,-2.474273
493069,-2.031025
493089,-2.615347
493109,-2.769795
493129,-1.735050
493149,-2.270769
493169,-2.524615
493189,-1.756676
493209,-2.262212
493229,-2.459624
493250,-2.046373
493271,-2.240997
493291,-2.319162
493311,-2.408681
493331,-2.966033
493351,-2.730331
493371,-2.412294
493391,-2.647028
493411,-2.207669
493431,-2.451701
493451,-3.647912
493471,-2.987325
493491,-3.427680
493511,-3.458990
493531,-3.007321
493551,-2.713913
493571,-2.825638
493591,-3.087090
493611,-2.997611
493631,-2.767346
493651,-2.635307
493671,-2.846266
493691,-3.731203
493711,-2.651456
493731,-3.741042
493751,-2.628675
493772,-3.748938
493792,-3.292781
493812,-3.962332
493832,-4.375672
493852,-4.329269
493874,-2.765749
493894,-2.738714
493914,-3.651418
493934,-2.739143
493954,-3.317403
493974,-2.660636
493999,-2.370238
494019,-2.488100
494039,-3.682273
494059,-2.637066
494079,-2.571026
494099,-3.272931
494119,-2.828443
494140,-2.088738
494160,-2.173215
494180,-2.921298
494200,-4.161285
494220,-4.196690
494240,-4.328720
494260,-4.711939
494280,-4.145281
494300,-3.044612
494320,-2.676471
494340,-2.762889
494360,-3.288675
494380,-2.939663
494400,-3.464829
494420,-2.838294
494440,-2.793064
494460,-2.640826
494480,-2.652424
494500,-3.332078
494520,-2.961036
494540,-2.148331
494560,-2.819654
494580,-2.555623
494600,-2.370407
494620,-2.289790
494640,-3.102172
494660,-2.926689
494680,-3.363267
494700,-3.313913
494720,-3.234061
494740,-2.727047
494760,-2.890468
494780,-3.782806
494800,-2.614025
494820,-3.994054
494840,-3.207982
494860,-4.126748
494880,-3.263457
494900,-3.900449
494920,-4.044851
494940,-2.829322
494960,-2.892314
494980,-2.708417
495000,-2.991388
495020,-2.992325
495040,-3.467846
495060,-4.141641
495080,-3.606810
495100,-3.565534
495120,-2.827401
495140,-2.524236
495160,-3.761807
495180,-3.256753
495200,-3.664046
495220,-3.562904
495240,-3.234366
495260,-3.633564
495280,-3.270728
495300,-3.764690
495320,-3.621950
495340,-3.392210
495360,-4.091886
495380,-3.725085
495400,-2.834681
495420,-1.721146
495440,-3.096980
495460,-3.508799
495480,-3.907046
495500,-3.902327
495520,-3.781363
495540,-3.053940
495560,-3.947009
495580,-3.383442
495600,-2.572888
495620,-3.373772
495640,-3.923399
495660,-3.859340
495680,-2.873291
495700,-2.435869
495720,-3.429827
495740,-3.269042
495760,-3.261041
495780,-3.826139
495800,-2.717139
495820,-2.869614
495840,-3.707928
495860,-2.690782
495880,-2.410570
495905,-2.005822
495938,-2.939969
495958,-2.360473
495979,-2.352804
495999,-2.835109
496019,-2.815593
496039,-2.650827
496059,-3.229158
496079,-2.943271
496099,-2.813875
496120,-2.242942
496140,-2.046088
496160,-2.598434
496180,-3.129312
496200,-2.600648
496220,-2.968397
496248,-2.664831
496269,-2.709871
496289,-2.277350
496309,-2.786370
496329,-3.200386
496349,-3.015483
496369,-3.195826
496389,-3.087736
496409,-2.285539
496429,-2.618350
496449,-2.638957
496469,-2.779903
496489,-2.646728
496509,-2.272826
496529,-2.860435
496549,-2.907254
496569,-2.701513
496589,-2.997143
496609,-2.885114
496629,-3.372562
496649,-2.899936
496669,-3.725889
496689,-3.878095
496710,-3.070648
496730,-3.841421
496750,-3.028350
496770,-3.552763
496790,-2.712782
496810,-3.136273
496830,-3.330130
496850,-3.679092
496870,-2.752968
496890,-3.490901
496910,-3.997610
496930,-3.504814
496950,-3.533818
496970,-3.487350
496990,-3.240647
497010,-3.934128
497030,-3.766076
497050,-3.705553
497070,-2.884249
497090,-2.830541
497110,-2.182606
497130,-3.017272
497150,-3.393450
497170,-2.407861
497190,-3.573197
497210,-2.393215
497230,-3.072597
497250,-3.396924
497270,-3.341547
497290,-3.660882
497310,-3.876998
497330,-3.278489
497350,-3.081544
497370,-3.135112
497390,-2.877434
497410,-3.729615
497430,-2.869837
497450,-3.391664
497470,-3.023223
497490,-2.689492
497510,-3.966011
497530,-4.041104
497550,-4.051643
497570,-3.425652
497590,-3.780665
497610,-3.984994
497630,-4.297273
497650,-4.451052
497670,-4.074669
497690,-3.501011
497710,-4.395085
497730,-4.107451
497750,-1.960757
497770,-3.603399
497790,-4.433019
497810,-3.519543
497830,-3.685735
497850,-2.773065
497870,-4.473793
497890,-4.394793
497910,-4.715318
497930,-3.971554
497950,-4.901180
497970,-4.462361
497990,-4.230515
498010,-4.846326
498030,-4.098000
498050,-3.132491
498070,-3.741984
498090,-3.659869
498110,-2.871933
498130,-4.208023
498150,-2.420658
498183,-2.979989
498203,-2.667662
498223,-3.661551
498243,-3.750520
498263,-3.949050
498283,-3.814783
498303,-2.770819
498323,-3.421196
498344,-2.216682
498368,-2.561960
498389,-2.231839
498413,-2.158110
498433,-2.531792
498453,-3.650117
498473,-3.440149
498494,-2.223920
498514,-2.517902
498535,-2.538551
498555,-2.646012
498575,-2.919101
498595,-2.785682
498615,-3.167926
498636,-2.349551
498656,-2.895475
498676,-3.300133
498696,-3.543450
498716,-2.746030
498736,-3.077177
498756,-2.618162
498780,-2.265265
498802,-2.569461
498823,-2.723024
498847,-2.059040
498867,-2.982767
498887,-3.549257
498907,-3.542803
498929,-2.022128
498950,-2.438516
498974,-2.113275
499000,-2.927938
499020,-1.808489
499040,-2.560581
499061,-2.651403
499085,-1.996404
499116,-3.237914
499136,-3.054997
499156,-3.807175
499177,-2.320318
499197,-3.031848
499218,-1.857410
499238,-3.073136
499259,-2.351786
499279,-2.213309
499299,-2.533434
499323,-3.150790
499359,-4.437747
499380,-1.883075
499410,-2.462071
499438,-2.243751
499465,-2.747758
499487,-2.279107
499514,-2.112310
499535,-2.996524
499555,-3.277369
499577,-2.355879
499600,-2.688298
499620,-2.467345
499640,-2.901872
499661,-2.547343
499681,-2.311748
499701,-2.621103
499725,-3.416077
499746,-2.560157
499766,-3.305190
499792,-2.692251
499814,-1.871953
499835,-2.469474
499856,-2.334220
499877,-2.367231
499898,-1.955781
499920,-2.508501
499947,-2.736634
499967,-1.987815
499988,-2.753583
500001,-1.875126
